wavelength [nm],transmission
300,2.45E-07
300.2,2.42E-07
300.4,2.39E-07
300.6,2.36E-07
300.8,2.33E-07
301,2.30E-07
301.2,2.27E-07
301.4,2.25E-07
301.6,2.22E-07
301.8,2.19E-07
302,2.31E-07
302.2,2.43E-07
302.4,2.57E-07
302.6,2.71E-07
302.8,2.85E-07
303,3.01E-07
303.2,3.17E-07
303.4,3.34E-07
303.6,3.52E-07
303.8,3.72E-07
304,4.14E-07
304.2,4.70E-07
304.4,5.33E-07
304.6,6.04E-07
304.8,6.85E-07
305,7.76E-07
305.2,8.80E-07
305.4,9.98E-07
305.6,1.13E-06
305.8,1.28E-06
306,1.20E-06
306.2,9.69E-07
306.4,7.84E-07
306.6,6.35E-07
306.8,5.14E-07
307,4.17E-07
307.2,3.37E-07
307.4,2.73E-07
307.6,2.21E-07
307.8,1.79E-07
308,1.60E-07
308.2,1.65E-07
308.4,1.71E-07
308.6,1.77E-07
308.8,1.83E-07
309,1.90E-07
309.2,1.96E-07
309.4,2.03E-07
309.6,2.10E-07
309.8,2.17E-07
310,2.28E-07
310.2,2.72E-07
310.4,3.24E-07
310.6,3.86E-07
310.8,4.60E-07
311,5.48E-07
311.2,6.54E-07
311.4,7.79E-07
311.6,9.28E-07
311.8,1.11E-06
312,9.16E-07
312.2,7.49E-07
312.4,6.12E-07
312.6,5.01E-07
312.8,4.09E-07
313,3.35E-07
313.2,2.74E-07
313.4,2.24E-07
313.6,1.83E-07
313.8,1.50E-07
314,1.43E-07
314.2,1.42E-07
314.4,1.42E-07
314.6,1.42E-07
314.8,1.41E-07
315,1.41E-07
315.2,1.41E-07
315.4,1.40E-07
315.6,1.40E-07
315.8,1.40E-07
316,1.39E-07
316.2,1.38E-07
316.4,1.38E-07
316.6,1.37E-07
316.8,1.37E-07
317,1.36E-07
317.2,1.35E-07
317.4,1.35E-07
317.6,1.34E-07
317.8,1.33E-07
318,1.46E-07
318.2,1.86E-07
318.4,2.36E-07
318.6,3.00E-07
318.8,3.82E-07
319,4.85E-07
319.2,6.17E-07
319.4,7.84E-07
319.6,9.97E-07
319.8,1.27E-06
320,1.52E-06
320.2,1.16E-06
320.4,8.86E-07
320.6,6.76E-07
320.8,5.15E-07
321,3.93E-07
321.2,3.00E-07
321.4,2.29E-07
321.6,1.74E-07
321.8,1.33E-07
322,1.44E-07
322.2,1.60E-07
322.4,1.78E-07
322.6,1.98E-07
322.8,2.20E-07
323,2.44E-07
323.2,2.71E-07
323.4,3.01E-07
323.6,3.34E-07
323.8,3.71E-07
324,3.84E-07
324.2,3.88E-07
324.4,3.92E-07
324.6,3.96E-07
324.8,4.01E-07
325,4.05E-07
325.2,4.09E-07
325.4,4.14E-07
325.6,4.18E-07
325.8,4.23E-07
326,3.90E-07
326.2,3.37E-07
326.4,2.91E-07
326.6,2.51E-07
326.8,2.17E-07
327,1.87E-07
327.2,1.62E-07
327.4,1.40E-07
327.6,1.21E-07
327.8,1.04E-07
328,9.85E-08
328.2,1.07E-07
328.4,1.17E-07
328.6,1.28E-07
328.8,1.39E-07
329,1.52E-07
329.2,1.65E-07
329.4,1.80E-07
329.6,1.96E-07
329.8,2.14E-07
330,2.28E-07
330.2,2.01E-07
330.4,1.78E-07
330.6,1.57E-07
330.8,1.39E-07
331,1.22E-07
331.2,1.08E-07
331.4,9.54E-08
331.6,8.42E-08
331.8,7.44E-08
332,7.34E-08
332.2,7.29E-08
332.4,7.23E-08
332.6,7.18E-08
332.8,7.13E-08
333,7.07E-08
333.2,7.02E-08
333.4,6.97E-08
333.6,6.92E-08
333.8,6.87E-08
334,8.05E-08
334.2,9.90E-08
334.4,1.22E-07
334.6,1.50E-07
334.8,1.84E-07
335,2.27E-07
335.2,2.79E-07
335.4,3.43E-07
335.6,4.22E-07
335.8,5.19E-07
336,4.93E-07
336.2,3.93E-07
336.4,3.13E-07
336.6,2.50E-07
336.8,1.99E-07
337,1.59E-07
337.2,1.27E-07
337.4,1.01E-07
337.6,8.04E-08
337.8,6.41E-08
338,6.04E-08
338.2,7.11E-08
338.4,8.39E-08
338.6,9.88E-08
338.8,1.17E-07
339,1.37E-07
339.2,1.62E-07
339.4,1.91E-07
339.6,2.25E-07
339.8,2.65E-07
340,3.03E-07
340.2,2.78E-07
340.4,2.55E-07
340.6,2.35E-07
340.8,2.15E-07
341,1.98E-07
341.2,1.82E-07
341.4,1.67E-07
341.6,1.53E-07
341.8,1.41E-07
342,1.26E-07
342.2,1.12E-07
342.4,1.00E-07
342.6,8.91E-08
342.8,7.94E-08
343,7.08E-08
343.2,6.31E-08
343.4,5.63E-08
343.6,5.02E-08
343.8,4.47E-08
344,4.76E-08
344.2,5.43E-08
344.4,6.19E-08
344.6,7.05E-08
344.8,8.04E-08
345,9.16E-08
345.2,1.04E-07
345.4,1.19E-07
345.6,1.36E-07
345.8,1.55E-07
346,1.52E-07
346.2,1.33E-07
346.4,1.16E-07
346.6,1.01E-07
346.8,8.82E-08
347,7.70E-08
347.2,6.72E-08
347.4,5.87E-08
347.6,5.12E-08
347.8,4.47E-08
348,4.22E-08
348.2,4.51E-08
348.4,4.82E-08
348.6,5.16E-08
348.8,5.52E-08
349,5.90E-08
349.2,6.31E-08
349.4,6.75E-08
349.6,7.22E-08
349.8,7.72E-08
350,8.13E-08
350.2,7.55E-08
350.4,7.01E-08
350.6,6.51E-08
350.8,6.05E-08
351,5.62E-08
351.2,5.22E-08
351.4,4.85E-08
351.6,4.50E-08
351.8,4.18E-08
352,4.15E-08
352.2,4.15E-08
352.4,4.15E-08
352.6,4.15E-08
352.8,4.14E-08
353,4.14E-08
353.2,4.14E-08
353.4,4.13E-08
353.6,4.13E-08
353.8,4.13E-08
354,4.10E-08
354.2,4.06E-08
354.4,4.02E-08
354.6,3.99E-08
354.8,3.95E-08
355,3.92E-08
355.2,3.88E-08
355.4,3.84E-08
355.6,3.81E-08
355.8,3.77E-08
356,3.77E-08
356.2,3.79E-08
356.4,3.81E-08
356.6,3.82E-08
356.8,3.84E-08
357,3.86E-08
357.2,3.88E-08
357.4,3.90E-08
357.6,3.91E-08
357.8,3.93E-08
358,4.06E-08
358.2,4.36E-08
358.4,4.68E-08
358.6,5.02E-08
358.8,5.39E-08
359,5.79E-08
359.2,6.22E-08
359.4,6.67E-08
359.6,7.17E-08
359.8,7.69E-08
360,8.25E-08
360.2,8.74E-08
360.4,9.26E-08
360.6,9.81E-08
360.8,1.04E-07
361,1.10E-07
361.2,1.17E-07
361.4,1.24E-07
361.6,1.31E-07
361.8,1.39E-07
362,1.36E-07
362.2,1.32E-07
362.4,1.28E-07
362.6,1.24E-07
362.8,1.21E-07
363,1.17E-07
363.2,1.14E-07
363.4,1.10E-07
363.6,1.07E-07
363.8,1.04E-07
364,9.52E-08
364.2,8.55E-08
364.4,7.67E-08
364.6,6.89E-08
364.8,6.18E-08
365,5.55E-08
365.2,4.98E-08
365.4,4.47E-08
365.6,4.02E-08
365.8,3.61E-08
366,3.68E-08
366.2,4.10E-08
366.4,4.57E-08
366.6,5.09E-08
366.8,5.66E-08
367,6.31E-08
367.2,7.02E-08
367.4,7.82E-08
367.6,8.71E-08
367.8,9.70E-08
368,1.08E-07
368.2,1.19E-07
368.4,1.31E-07
368.6,1.45E-07
368.8,1.60E-07
369,1.77E-07
369.2,1.96E-07
369.4,2.16E-07
369.6,2.39E-07
369.8,2.64E-07
370,2.78E-07
370.2,2.20E-07
370.4,1.75E-07
370.6,1.39E-07
370.8,1.10E-07
371,8.71E-08
371.2,6.90E-08
371.4,5.47E-08
371.6,4.34E-08
371.8,3.44E-08
372,3.99E-08
372.2,4.81E-08
372.4,5.80E-08
372.6,7.00E-08
372.8,8.45E-08
373,1.02E-07
373.2,1.23E-07
373.4,1.48E-07
373.6,1.79E-07
373.8,2.16E-07
374,2.35E-07
374.2,2.47E-07
374.4,2.59E-07
374.6,2.73E-07
374.8,2.86E-07
375,3.01E-07
375.2,3.16E-07
375.4,3.32E-07
375.6,3.49E-07
375.8,3.67E-07
376,3.51E-07
376.2,3.14E-07
376.4,2.81E-07
376.6,2.52E-07
376.8,2.26E-07
377,2.02E-07
377.2,1.81E-07
377.4,1.62E-07
377.6,1.45E-07
377.8,1.30E-07
378,1.30E-07
378.2,1.50E-07
378.4,1.73E-07
378.6,1.99E-07
378.8,2.28E-07
379,2.63E-07
379.2,3.03E-07
379.4,3.48E-07
379.6,4.01E-07
379.8,4.61E-07
380,5.25E-07
380.2,5.60E-07
380.4,5.97E-07
380.6,6.37E-07
380.8,6.79E-07
381,7.24E-07
381.2,7.73E-07
381.4,8.24E-07
381.6,8.79E-07
381.8,9.37E-07
382,9.45E-07
382.2,9.45E-07
382.4,9.45E-07
382.6,9.45E-07
382.8,9.45E-07
383,9.46E-07
383.2,9.46E-07
383.4,9.46E-07
383.6,9.46E-07
383.8,9.46E-07
384,7.33E-07
384.2,5.13E-07
384.4,3.60E-07
384.6,2.52E-07
384.8,1.77E-07
385,1.24E-07
385.2,8.69E-08
385.4,6.09E-08
385.6,4.27E-08
385.8,2.99E-08
386,2.57E-08
386.2,2.55E-08
386.4,2.54E-08
386.6,2.53E-08
386.8,2.52E-08
387,2.51E-08
387.2,2.49E-08
387.4,2.48E-08
387.6,2.47E-08
387.8,2.46E-08
388,2.60E-08
388.2,3.00E-08
388.4,3.46E-08
388.6,3.99E-08
388.8,4.60E-08
389,5.30E-08
389.2,6.10E-08
389.4,7.03E-08
389.6,8.11E-08
389.8,9.34E-08
390,1.03E-07
390.2,8.68E-08
390.4,7.32E-08
390.6,6.17E-08
390.8,5.20E-08
391,4.38E-08
391.2,3.69E-08
391.4,3.11E-08
391.6,2.62E-08
391.8,2.21E-08
392,2.15E-08
392.2,2.14E-08
392.4,2.13E-08
392.6,2.12E-08
392.8,2.11E-08
393,2.10E-08
393.2,2.09E-08
393.4,2.08E-08
393.6,2.07E-08
393.8,2.06E-08
394,2.22E-08
394.2,2.47E-08
394.4,2.74E-08
394.6,3.04E-08
394.8,3.37E-08
395,3.75E-08
395.2,4.16E-08
395.4,4.62E-08
395.6,5.12E-08
395.8,5.69E-08
396,6.50E-08
396.2,7.57E-08
396.4,8.83E-08
396.6,1.03E-07
396.8,1.20E-07
397,1.40E-07
397.2,1.63E-07
397.4,1.90E-07
397.6,2.22E-07
397.8,2.59E-07
398,2.53E-07
398.2,1.97E-07
398.4,1.53E-07
398.6,1.20E-07
398.8,9.31E-08
399,7.25E-08
399.2,5.65E-08
399.4,4.40E-08
399.6,3.43E-08
399.8,2.67E-08
400,2.16E-08
400.2,2.20E-08
400.4,2.24E-08
400.6,2.28E-08
400.8,2.32E-08
401,2.37E-08
401.2,2.41E-08
401.4,2.45E-08
401.6,2.50E-08
401.8,2.54E-08
402,2.53E-08
402.2,2.51E-08
402.4,2.50E-08
402.6,2.48E-08
402.8,2.47E-08
403,2.45E-08
403.2,2.43E-08
403.4,2.42E-08
403.6,2.40E-08
403.8,2.39E-08
404,2.57E-08
404.2,2.85E-08
404.4,3.16E-08
404.6,3.50E-08
404.8,3.87E-08
405,4.29E-08
405.2,4.75E-08
405.4,5.26E-08
405.6,5.82E-08
405.8,6.45E-08
406,6.26E-08
406.2,5.59E-08
406.4,4.99E-08
406.6,4.45E-08
406.8,3.97E-08
407,3.55E-08
407.2,3.17E-08
407.4,2.83E-08
407.6,2.52E-08
407.8,2.25E-08
408,2.16E-08
408.2,2.23E-08
408.4,2.31E-08
408.6,2.39E-08
408.8,2.48E-08
409,2.57E-08
409.2,2.66E-08
409.4,2.75E-08
409.6,2.85E-08
409.8,2.95E-08
410,3.01E-08
410.2,2.87E-08
410.4,2.73E-08
410.6,2.60E-08
410.8,2.48E-08
411,2.36E-08
411.2,2.25E-08
411.4,2.14E-08
411.6,2.04E-08
411.8,1.94E-08
412,2.11E-08
412.2,2.35E-08
412.4,2.60E-08
412.6,2.89E-08
412.8,3.21E-08
413,3.57E-08
413.2,3.96E-08
413.4,4.40E-08
413.6,4.89E-08
413.8,5.43E-08
414,5.15E-08
414.2,4.61E-08
414.4,4.13E-08
414.6,3.69E-08
414.8,3.30E-08
415,2.96E-08
415.2,2.65E-08
415.4,2.37E-08
415.6,2.12E-08
415.8,1.90E-08
416,1.88E-08
416.2,2.01E-08
416.4,2.15E-08
416.6,2.29E-08
416.8,2.45E-08
417,2.61E-08
417.2,2.79E-08
417.4,2.98E-08
417.6,3.18E-08
417.8,3.40E-08
418,3.47E-08
418.2,3.37E-08
418.4,3.27E-08
418.6,3.17E-08
418.8,3.08E-08
419,2.98E-08
419.2,2.90E-08
419.4,2.81E-08
419.6,2.73E-08
419.8,2.65E-08
420,2.68E-08
420.2,3.33E-08
420.4,4.13E-08
420.6,5.14E-08
420.8,6.38E-08
421,7.93E-08
421.2,9.85E-08
421.4,1.22E-07
421.6,1.52E-07
421.8,1.89E-07
422,1.96E-07
422.2,1.97E-07
422.4,1.98E-07
422.6,1.99E-07
422.8,2.00E-07
423,2.01E-07
423.2,2.02E-07
423.4,2.03E-07
423.6,2.04E-07
423.8,2.04E-07
424,1.71E-07
424.2,1.32E-07
424.4,1.02E-07
424.6,7.94E-08
424.8,6.16E-08
425,4.77E-08
425.2,3.70E-08
425.4,2.87E-08
425.6,2.22E-08
425.8,1.72E-08
426,1.55E-08
426.2,1.55E-08
426.4,1.54E-08
426.6,1.54E-08
426.8,1.54E-08
427,1.54E-08
427.2,1.54E-08
427.4,1.53E-08
427.6,1.53E-08
427.8,1.53E-08
428,1.52E-08
428.2,1.49E-08
428.4,1.47E-08
428.6,1.45E-08
428.8,1.43E-08
429,1.40E-08
429.2,1.38E-08
429.4,1.36E-08
429.6,1.34E-08
429.8,1.32E-08
430,1.30E-08
430.2,1.28E-08
430.4,1.26E-08
430.6,1.24E-08
430.8,1.23E-08
431,1.21E-08
431.2,1.19E-08
431.4,1.17E-08
431.6,1.16E-08
431.8,1.14E-08
432,1.43E-08
432.2,1.87E-08
432.4,2.44E-08
432.6,3.19E-08
432.8,4.17E-08
433,5.44E-08
433.2,7.11E-08
433.4,9.29E-08
433.6,1.21E-07
433.8,1.59E-07
434,1.40E-07
434.2,1.07E-07
434.4,8.16E-08
434.6,6.23E-08
434.8,4.76E-08
435,3.64E-08
435.2,2.78E-08
435.4,2.12E-08
435.6,1.62E-08
435.8,1.24E-08
436,1.31E-08
436.2,1.70E-08
436.4,2.21E-08
436.6,2.87E-08
436.8,3.73E-08
437,4.84E-08
437.2,6.29E-08
437.4,8.16E-08
437.6,1.06E-07
437.8,1.38E-07
438,1.57E-07
438.2,1.58E-07
438.4,1.59E-07
438.6,1.59E-07
438.8,1.60E-07
439,1.61E-07
439.2,1.61E-07
439.4,1.62E-07
439.6,1.63E-07
439.8,1.63E-07
440,1.68E-07
440.2,1.89E-07
440.4,2.12E-07
440.6,2.38E-07
440.8,2.68E-07
441,3.01E-07
441.2,3.39E-07
441.4,3.81E-07
441.6,4.29E-07
441.8,4.82E-07
442,4.67E-07
442.2,4.39E-07
442.4,4.13E-07
442.6,3.88E-07
442.8,3.65E-07
443,3.43E-07
443.2,3.22E-07
443.4,3.03E-07
443.6,2.85E-07
443.8,2.68E-07
444,2.10E-07
444.2,1.53E-07
444.4,1.11E-07
444.6,8.09E-08
444.8,5.89E-08
445,4.29E-08
445.2,3.12E-08
445.4,2.27E-08
445.6,1.66E-08
445.8,1.21E-08
446,1.17E-08
446.2,1.36E-08
446.4,1.60E-08
446.6,1.87E-08
446.8,2.18E-08
447,2.55E-08
447.2,2.98E-08
447.4,3.49E-08
447.6,4.08E-08
447.8,4.77E-08
448,4.80E-08
448.2,4.12E-08
448.4,3.53E-08
448.6,3.03E-08
448.8,2.60E-08
449,2.24E-08
449.2,1.92E-08
449.4,1.65E-08
449.6,1.41E-08
449.8,1.21E-08
450,1.07E-08
450.2,1.07E-08
450.4,1.06E-08
450.6,1.06E-08
450.8,1.06E-08
451,1.05E-08
451.2,1.05E-08
451.4,1.05E-08
451.6,1.04E-08
451.8,1.04E-08
452,1.23E-08
452.2,1.52E-08
452.4,1.88E-08
452.6,2.32E-08
452.8,2.86E-08
453,3.54E-08
453.2,4.36E-08
453.4,5.39E-08
453.6,6.65E-08
453.8,8.21E-08
454,8.91E-08
454.2,9.17E-08
454.4,9.43E-08
454.6,9.71E-08
454.8,9.99E-08
455,1.03E-07
455.2,1.06E-07
455.4,1.09E-07
455.6,1.12E-07
455.8,1.15E-07
456,1.01E-07
456.2,7.92E-08
456.4,6.23E-08
456.6,4.89E-08
456.8,3.84E-08
457,3.02E-08
457.2,2.37E-08
457.4,1.87E-08
457.6,1.47E-08
457.8,1.15E-08
458,1.07E-08
458.2,1.17E-08
458.4,1.28E-08
458.6,1.40E-08
458.8,1.54E-08
459,1.69E-08
459.2,1.85E-08
459.4,2.02E-08
459.6,2.22E-08
459.8,2.43E-08
460,2.57E-08
460.2,2.31E-08
460.4,2.08E-08
460.6,1.87E-08
460.8,1.68E-08
461,1.51E-08
461.2,1.36E-08
461.4,1.22E-08
461.6,1.10E-08
461.8,9.88E-09
462,9.68E-09
462.2,9.66E-09
462.4,9.65E-09
462.6,9.63E-09
462.8,9.61E-09
463,9.59E-09
463.2,9.57E-09
463.4,9.55E-09
463.6,9.53E-09
463.8,9.51E-09
464,1.18E-08
464.2,1.60E-08
464.4,2.16E-08
464.6,2.93E-08
464.8,3.96E-08
465,5.36E-08
465.2,7.25E-08
465.4,9.82E-08
465.6,1.33E-07
465.8,1.80E-07
466,1.82E-07
466.2,1.54E-07
466.4,1.31E-07
466.6,1.11E-07
466.8,9.43E-08
467,8.00E-08
467.2,6.79E-08
467.4,5.76E-08
467.6,4.89E-08
467.8,4.15E-08
468,3.92E-08
468.2,4.09E-08
468.4,4.28E-08
468.6,4.47E-08
468.8,4.67E-08
469,4.87E-08
469.2,5.09E-08
469.4,5.32E-08
469.6,5.55E-08
469.8,5.80E-08
470,6.10E-08
470.2,6.61E-08
470.4,7.16E-08
470.6,7.75E-08
470.8,8.39E-08
471,9.09E-08
471.2,9.84E-08
471.4,1.07E-07
471.6,1.15E-07
471.8,1.25E-07
472,1.23E-07
472.2,1.20E-07
472.4,1.16E-07
472.6,1.12E-07
472.8,1.09E-07
473,1.06E-07
473.2,1.02E-07
473.4,9.93E-08
473.6,9.62E-08
473.8,9.33E-08
474,9.44E-08
474.2,9.70E-08
474.4,9.97E-08
474.6,1.02E-07
474.8,1.05E-07
475,1.08E-07
475.2,1.11E-07
475.4,1.14E-07
475.6,1.18E-07
475.8,1.21E-07
476,1.15E-07
476.2,1.04E-07
476.4,9.40E-08
476.6,8.51E-08
476.8,7.71E-08
477,6.98E-08
477.2,6.32E-08
477.4,5.73E-08
477.6,5.19E-08
477.8,4.70E-08
478,4.57E-08
478.2,4.72E-08
478.4,4.87E-08
478.6,5.03E-08
478.8,5.20E-08
479,5.37E-08
479.2,5.55E-08
479.4,5.73E-08
479.6,5.91E-08
479.8,6.11E-08
480,6.33E-08
480.2,6.61E-08
480.4,6.91E-08
480.6,7.23E-08
480.8,7.56E-08
481,7.90E-08
481.2,8.26E-08
481.4,8.63E-08
481.6,9.02E-08
481.8,9.43E-08
482,9.08E-08
482.2,8.57E-08
482.4,8.08E-08
482.6,7.63E-08
482.8,7.20E-08
483,6.79E-08
483.2,6.41E-08
483.4,6.05E-08
483.6,5.71E-08
483.8,5.38E-08
484,4.79E-08
484.2,4.16E-08
484.4,3.61E-08
484.6,3.14E-08
484.8,2.73E-08
485,2.37E-08
485.2,2.06E-08
485.4,1.79E-08
485.6,1.55E-08
485.8,1.35E-08
486,1.53E-08
486.2,2.05E-08
486.4,2.73E-08
486.6,3.65E-08
486.8,4.87E-08
487,6.51E-08
487.2,8.69E-08
487.4,1.16E-07
487.6,1.55E-07
487.8,2.07E-07
488,2.30E-07
488.2,2.17E-07
488.4,2.06E-07
488.6,1.94E-07
488.8,1.84E-07
489,1.74E-07
489.2,1.64E-07
489.4,1.55E-07
489.6,1.47E-07
489.8,1.39E-07
490,3.83E-08
490.2,1.93E-08
490.4,3.64E-08
490.6,6.50E-08
490.8,6.96E-08
491,7.46E-08
491.2,4.63E-08
491.4,1.93E-08
491.6,1.26E-08
491.8,1.26E-08
492,1.25E-08
492.2,1.24E-08
492.4,1.23E-08
492.6,1.22E-08
492.8,1.22E-08
493,1.36E-08
493.2,1.78E-08
493.4,2.33E-08
493.6,1.85E-08
493.8,1.39E-08
494,1.17E-08
494.2,1.17E-08
494.4,1.16E-08
494.6,1.16E-08
494.8,1.16E-08
495,2.16E-08
495.2,4.67E-08
495.4,6.07E-08
495.6,2.35E-08
495.8,1.14E-08
496,1.14E-08
496.2,1.13E-08
496.4,1.13E-08
496.6,1.12E-08
496.8,1.43E-08
497,4.66E-08
497.2,1.24E-07
497.4,6.04E-08
497.6,2.96E-08
497.8,2.93E-08
498,4.80E-08
498.2,7.14E-08
498.4,2.75E-08
498.6,1.08E-08
498.8,1.07E-08
499,1.07E-08
499.2,1.06E-08
499.4,1.06E-08
499.6,1.06E-08
499.8,2.04E-08
500,4.00E-08
500.2,2.52E-08
500.4,1.45E-08
500.6,1.38E-08
500.8,2.79E-08
501,5.66E-08
501.2,5.16E-08
501.4,4.21E-08
501.6,2.56E-08
501.8,1.47E-08
502,1.00E-08
502.2,9.98E-09
502.4,9.93E-09
502.6,9.89E-09
502.8,9.86E-09
503,1.58E-08
503.2,2.98E-08
503.4,4.24E-08
503.6,2.24E-08
503.8,1.18E-08
504,2.17E-08
504.2,6.80E-08
504.4,8.36E-08
504.6,5.59E-08
504.8,3.68E-08
505,2.12E-08
505.2,1.22E-08
505.4,1.49E-08
505.6,3.25E-08
505.8,4.76E-08
506,4.73E-08
506.2,4.70E-08
506.4,2.48E-08
506.6,1.30E-08
506.8,9.22E-09
507,9.17E-09
507.2,9.11E-09
507.4,9.05E-09
507.6,8.99E-09
507.8,8.94E-09
508,8.90E-09
508.2,8.87E-09
508.4,8.85E-09
508.6,8.82E-09
508.8,8.80E-09
509,8.78E-09
509.2,1.25E-08
509.4,1.93E-08
509.6,2.45E-08
509.8,1.93E-08
510,1.75E-08
510.2,1.75E-08
510.4,2.37E-08
510.6,5.59E-08
510.8,1.21E-07
511,3.51E-08
511.2,1.72E-08
511.4,1.71E-08
511.6,2.75E-08
511.8,3.95E-08
512,1.69E-08
512.2,1.68E-08
512.4,1.67E-08
512.6,1.84E-08
512.8,3.17E-08
513,3.20E-08
513.2,1.65E-08
513.4,1.65E-08
513.6,1.65E-08
513.8,2.45E-08
514,3.52E-08
514.2,2.61E-08
514.4,2.10E-08
514.6,3.28E-08
514.8,3.27E-08
515,1.95E-08
515.2,1.63E-08
515.4,2.37E-08
515.6,4.91E-08
515.8,4.13E-08
516,1.88E-08
516.2,5.63E-08
516.4,5.19E-08
516.6,2.75E-08
516.8,1.98E-08
517,3.04E-08
517.2,3.11E-08
517.4,2.94E-08
517.6,1.68E-08
517.8,1.53E-08
518,1.52E-08
518.2,1.76E-08
518.4,2.94E-08
518.6,3.50E-08
518.8,1.54E-08
519,2.67E-08
519.2,3.87E-08
519.4,4.51E-08
519.6,4.05E-08
519.8,2.53E-08
520,1.97E-08
520.2,5.92E-08
520.4,5.97E-08
520.6,2.65E-08
520.8,2.92E-08
521,6.62E-08
521.2,2.02E-08
521.4,2.01E-08
521.6,7.18E-08
521.8,6.13E-08
522,3.90E-08
522.2,2.23E-08
522.4,1.44E-08
522.6,1.43E-08
522.8,1.43E-08
523,1.42E-08
523.2,1.41E-08
523.4,2.94E-08
523.6,4.48E-08
523.8,2.60E-08
524,1.76E-08
524.2,3.00E-08
524.4,5.19E-08
524.6,4.56E-08
524.8,2.44E-08
525,2.04E-08
525.2,4.97E-08
525.4,1.71E-08
525.6,1.50E-08
525.8,4.51E-08
526,4.54E-08
526.2,2.52E-08
526.4,2.00E-08
526.6,6.62E-08
526.8,3.66E-08
527,2.68E-08
527.2,1.54E-08
527.4,1.34E-08
527.6,1.33E-08
527.8,2.04E-08
528,1.16E-07
528.2,2.79E-08
528.4,3.25E-08
528.6,2.12E-08
528.8,2.34E-08
529,7.06E-08
529.2,1.97E-08
529.4,3.13E-08
529.6,5.89E-08
529.8,2.82E-08
530,5.79E-08
530.2,3.07E-08
530.4,1.30E-08
530.6,1.30E-08
530.8,1.29E-08
531,1.29E-08
531.2,1.29E-08
531.4,4.34E-08
531.6,3.27E-08
531.8,2.07E-08
532,7.07E-08
532.2,2.95E-08
532.4,4.31E-08
532.6,3.07E-08
532.8,1.88E-08
533,1.88E-08
533.2,6.19E-08
533.4,1.87E-08
533.6,2.68E-08
533.8,2.82E-08
534,1.45E-08
534.2,1.24E-08
534.4,1.24E-08
534.6,1.24E-08
534.8,1.26E-08
535,7.18E-08
535.2,3.31E-08
535.4,1.42E-08
535.6,2.73E-08
535.8,2.95E-08
536,1.64E-08
536.2,6.84E-08
536.4,1.90E-08
536.6,1.12E-08
536.8,9.37E-09
537,9.11E-09
537.2,1.03E-08
537.4,1.98E-08
537.6,2.71E-08
537.8,2.70E-08
538,2.97E-08
538.2,4.61E-08
538.4,6.51E-08
538.6,4.34E-08
538.8,1.19E-08
539,1.18E-08
539.2,3.45E-08
539.4,3.97E-08
539.6,3.81E-08
539.8,6.03E-08
540,7.26E-08
540.2,4.54E-08
540.4,1.51E-08
540.6,1.18E-08
540.8,2.19E-08
541,2.13E-08
541.2,1.18E-08
541.4,1.49E-08
541.6,3.52E-08
541.8,4.43E-08
542,2.04E-08
542.2,1.66E-08
542.4,3.28E-08
542.6,5.39E-08
542.8,6.20E-08
543,3.56E-08
543.2,5.08E-08
543.4,3.47E-08
543.6,2.35E-08
543.8,3.91E-08
544,5.38E-08
544.2,2.11E-08
544.4,1.21E-08
544.6,4.46E-08
544.8,3.01E-08
545,1.68E-08
545.2,1.78E-08
545.4,8.51E-09
545.6,8.51E-09
545.8,1.55E-08
546,2.18E-08
546.2,1.13E-08
546.4,1.03E-08
546.6,1.25E-08
546.8,1.13E-08
547,1.13E-08
547.2,1.13E-08
547.4,1.13E-08
547.6,1.13E-08
547.8,1.72E-08
548,4.95E-08
548.2,3.42E-08
548.4,1.13E-08
548.6,5.25E-08
548.8,5.64E-08
549,4.47E-08
549.2,5.05E-08
549.4,7.29E-08
549.6,5.58E-08
549.8,5.57E-08
550,2.73E-08
550.2,4.17E-08
550.4,5.16E-08
550.6,3.49E-08
550.8,3.81E-08
551,2.56E-08
551.2,6.12E-08
551.4,1.85E-08
551.6,1.11E-08
551.8,1.11E-08
552,1.34E-08
552.2,3.78E-08
552.4,1.04E-08
552.6,2.01E-08
552.8,1.62E-08
553,8.42E-09
553.2,8.32E-09
553.4,1.35E-08
553.6,5.43E-08
553.8,1.10E-08
554,1.10E-08
554.2,3.77E-08
554.4,5.33E-08
554.6,3.50E-08
554.8,4.33E-08
555,3.18E-08
555.2,1.11E-08
555.4,1.92E-08
555.6,1.42E-08
555.8,2.24E-08
556,6.88E-08
556.2,8.65E-08
556.4,2.94E-08
556.6,3.21E-08
556.8,4.02E-08
557,3.68E-08
557.2,2.21E-08
557.4,1.08E-08
557.6,1.08E-08
557.8,1.85E-08
558,1.13E-08
558.2,2.41E-08
558.4,1.81E-08
558.6,1.08E-08
558.8,1.08E-08
559,1.08E-08
559.2,3.49E-08
559.4,2.40E-08
559.6,1.35E-08
559.8,1.08E-08
560,1.08E-08
560.2,1.08E-08
560.4,1.08E-08
560.6,1.91E-08
560.8,3.01E-08
561,3.91E-08
561.2,2.36E-08
561.4,1.71E-08
561.6,7.58E-08
561.8,7.58E-08
562,3.80E-08
562.2,2.35E-08
562.4,3.32E-08
562.6,3.86E-08
562.8,2.99E-08
563,2.17E-08
563.2,3.77E-08
563.4,2.83E-08
563.6,2.22E-08
563.8,3.25E-08
564,2.54E-08
564.2,1.08E-08
564.4,1.07E-08
564.6,1.07E-08
564.8,2.24E-08
565,4.48E-08
565.2,2.31E-08
565.4,1.06E-08
565.6,1.06E-08
565.8,1.06E-08
566,4.17E-08
566.2,3.66E-08
566.4,2.60E-08
566.6,2.69E-08
566.8,3.59E-08
567,1.71E-08
567.2,5.69E-08
567.4,2.10E-08
567.6,5.36E-08
567.8,6.10E-08
568,2.13E-08
568.2,4.88E-08
568.4,2.00E-08
568.6,1.64E-08
568.8,8.11E-08
569,3.84E-08
569.2,4.91E-08
569.4,4.85E-08
569.6,2.28E-08
569.8,3.15E-08
570,4.73E-08
570.2,5.27E-08
570.4,3.56E-08
570.6,1.61E-08
570.8,1.36E-08
571,1.88E-08
571.2,1.08E-08
571.4,1.77E-08
571.6,4.49E-08
571.8,7.13E-08
572,7.07E-08
572.2,6.89E-08
572.4,4.79E-08
572.6,1.70E-08
572.8,1.07E-08
573,3.42E-08
573.2,5.16E-08
573.4,2.80E-08
573.6,1.44E-08
573.8,3.32E-08
574,5.76E-08
574.2,5.48E-08
574.4,4.64E-08
574.6,3.63E-08
574.8,3.74E-08
575,6.28E-08
575.2,4.09E-08
575.4,3.25E-08
575.6,3.75E-08
575.8,2.22E-08
576,1.24E-08
576.2,1.65E-08
576.4,1.04E-08
576.6,1.04E-08
576.8,1.79E-08
577,2.07E-08
577.2,2.41E-08
577.4,2.99E-08
577.6,2.48E-08
577.8,2.22E-08
578,3.06E-08
578.2,1.36E-08
578.4,3.24E-08
578.6,7.89E-08
578.8,6.56E-08
579,3.36E-08
579.2,1.39E-08
579.4,8.69E-08
579.6,6.27E-08
579.8,3.96E-08
580,3.10E-08
580.2,3.10E-08
580.4,3.10E-08
580.6,3.26E-08
580.8,4.89E-08
581,4.46E-08
581.2,2.98E-08
581.4,2.81E-08
581.6,6.26E-08
581.8,6.89E-08
582,3.82E-08
582.2,3.16E-08
582.4,5.41E-08
582.6,4.15E-08
582.8,6.25E-08
583,6.25E-08
583.2,2.36E-08
583.4,3.10E-08
583.6,1.29E-08
583.8,1.04E-08
584,1.61E-08
584.2,2.49E-08
584.4,1.04E-08
584.6,5.18E-08
584.8,9.13E-08
585,8.49E-08
585.2,3.78E-08
585.4,2.37E-08
585.6,3.43E-08
585.8,5.95E-08
586,5.62E-08
586.2,1.19E-08
586.4,3.31E-08
586.6,3.16E-08
586.8,2.75E-08
587,5.22E-08
587.2,6.03E-08
587.4,6.19E-08
587.6,3.93E-08
587.8,5.21E-08
588,6.34E-08
588.2,6.80E-08
588.4,4.86E-08
588.6,3.14E-08
588.8,4.22E-08
589,5.05E-08
589.2,3.72E-08
589.4,3.11E-08
589.6,3.11E-08
589.8,3.26E-08
590,7.85E-08
590.2,5.76E-08
590.4,4.35E-08
590.6,8.15E-08
590.8,4.50E-08
591,1.67E-08
591.2,1.03E-07
591.4,2.84E-08
591.6,5.60E-08
591.8,5.33E-08
592,3.11E-08
592.2,6.48E-08
592.4,6.21E-08
592.6,6.47E-08
592.8,4.08E-08
593,5.08E-08
593.2,6.71E-08
593.4,6.48E-08
593.6,3.85E-08
593.8,2.33E-08
594,4.84E-08
594.2,5.20E-08
594.4,5.95E-08
594.6,8.08E-08
594.8,8.64E-08
595,8.39E-08
595.2,6.93E-08
595.4,7.04E-08
595.6,8.98E-08
595.8,8.78E-08
596,9.15E-08
596.2,8.28E-08
596.4,7.19E-08
596.6,8.52E-08
596.8,9.19E-08
597,8.72E-08
597.2,6.66E-08
597.4,6.42E-08
597.6,6.87E-08
597.8,6.03E-08
598,5.19E-08
598.2,1.43E-08
598.4,2.71E-08
598.6,6.10E-08
598.8,6.66E-08
599,6.51E-08
599.2,6.97E-08
599.4,6.49E-08
599.6,6.32E-08
599.8,6.78E-08
600,9.08E-08
600.2,1.11E-07
600.4,9.22E-08
600.6,7.46E-08
600.8,9.12E-08
601,5.21E-08
601.2,5.10E-08
601.4,5.07E-08
601.6,4.11E-08
601.8,5.73E-08
602,7.21E-08
602.2,6.38E-08
602.4,1.05E-07
602.6,1.36E-07
602.8,1.11E-07
603,8.57E-08
603.2,9.93E-08
603.4,8.11E-08
603.6,8.96E-08
603.8,9.83E-08
604,7.88E-08
604.2,8.50E-08
604.4,1.04E-07
604.6,8.38E-08
604.8,8.36E-08
605,1.58E-07
605.2,2.05E-07
605.4,1.97E-07
605.6,1.87E-07
605.8,2.81E-07
606,3.28E-07
606.2,4.55E-07
606.4,6.00E-07
606.6,7.78E-07
606.8,1.01E-06
607,1.39E-06
607.2,2.07E-06
607.4,2.77E-06
607.6,4.25E-06
607.8,6.36E-06
608,9.63E-06
608.2,1.48E-05
608.4,2.30E-05
608.6,3.50E-05
608.8,5.39E-05
609,8.64E-05
609.2,1.43E-04
609.4,2.37E-04
609.6,4.06E-04
609.8,7.14E-04
610,0.00135
610.2,0.00245
610.4,0.00453
610.6,0.00869
610.8,0.01762
611,0.0375
611.2,0.08311
611.4,0.19405
611.6,0.39947
611.8,0.6498
612,0.83243
612.2,0.90587
612.4,0.9252
612.6,0.93374
612.8,0.94398
613,0.95455
613.2,0.96068
613.4,0.96491
613.6,0.96888
613.8,0.97143
614,0.97472
614.2,0.97768
614.4,0.98161
614.6,0.98493
614.8,0.98658
615,0.98603
615.2,0.98312
615.4,0.97921
615.6,0.97421
615.8,0.96891
616,0.96311
616.2,0.95842
616.4,0.95501
616.6,0.95296
616.8,0.95185
617,0.95134
617.2,0.95046
617.4,0.95052
617.6,0.94969
617.8,0.94785
618,0.94605
618.2,0.9438
618.4,0.94058
618.6,0.93678
618.8,0.93395
619,0.93135
619.2,0.92919
619.4,0.92666
619.6,0.92592
619.8,0.9267
620,0.92733
620.2,0.92963
620.4,0.93149
620.6,0.93446
620.8,0.93668
621,0.93889
621.2,0.94183
621.4,0.94333
621.6,0.94488
621.8,0.94591
622,0.94644
622.2,0.94575
622.4,0.94493
622.6,0.94325
622.8,0.94189
623,0.94007
623.2,0.93808
623.4,0.93639
623.6,0.93566
623.8,0.93449
624,0.93398
624.2,0.93371
624.4,0.93409
624.6,0.93434
624.8,0.93536
625,0.93652
625.2,0.93809
625.4,0.93948
625.6,0.9409
625.8,0.94137
626,0.94305
626.2,0.94448
626.4,0.94551
626.6,0.9468
626.8,0.94805
627,0.94881
627.2,0.94985
627.4,0.95086
627.6,0.95261
627.8,0.95373
628,0.95501
628.2,0.95642
628.4,0.95709
628.6,0.95799
628.8,0.95903
629,0.96
629.2,0.96091
629.4,0.96115
629.6,0.96095
629.8,0.96081
630,0.96005
630.2,0.95835
630.4,0.95634
630.6,0.95388
630.8,0.95106
631,0.94767
631.2,0.94334
631.4,0.93916
631.6,0.9354
631.8,0.93131
632,0.92774
632.2,0.92381
632.4,0.92095
632.6,0.91856
632.8,0.91604
633,0.9151
633.2,0.91316
633.4,0.9128
633.6,0.91431
633.8,0.91575
634,0.9186
634.2,0.92182
634.4,0.92572
634.6,0.9302
634.8,0.93578
635,0.94128
635.2,0.94705
635.4,0.95342
635.6,0.95967
635.8,0.96567
636,0.97145
636.2,0.97705
636.4,0.98233
636.6,0.9858
636.8,0.99034
637,0.9927
637.2,0.9944
637.4,0.99464
637.6,0.99428
637.8,0.99308
638,0.99041
638.2,0.98765
638.4,0.98384
638.6,0.97996
638.8,0.97459
639,0.96958
639.2,0.96519
639.4,0.96028
639.6,0.95549
639.8,0.95064
640,0.94653
640.2,0.94246
640.4,0.93919
640.6,0.93656
640.8,0.93399
641,0.93232
641.2,0.93115
641.4,0.93066
641.6,0.93115
641.8,0.93159
642,0.93287
642.2,0.93492
642.4,0.93677
642.6,0.93959
642.8,0.94174
643,0.94452
643.2,0.94745
643.4,0.94987
643.6,0.9524
643.8,0.95465
644,0.95755
644.2,0.95961
644.4,0.96108
644.6,0.96268
644.8,0.96353
645,0.9635
645.2,0.96302
645.4,0.96272
645.6,0.96223
645.8,0.96081
646,0.95954
646.2,0.95713
646.4,0.95486
646.6,0.95246
646.8,0.95
647,0.94842
647.2,0.94567
647.4,0.94422
647.6,0.94141
647.8,0.93902
648,0.93883
648.2,0.93672
648.4,0.93537
648.6,0.93551
648.8,0.93527
649,0.93534
649.2,0.93608
649.4,0.93748
649.6,0.93854
649.8,0.94069
650,0.94265
650.2,0.94472
650.4,0.94757
650.6,0.95075
650.8,0.95381
651,0.95711
651.2,0.96014
651.4,0.96334
651.6,0.96687
651.8,0.96984
652,0.97283
652.2,0.97571
652.4,0.97805
652.6,0.98016
652.8,0.98236
653,0.98404
653.2,0.9853
653.4,0.98612
653.6,0.98667
653.8,0.98669
654,0.98659
654.2,0.9861
654.4,0.98493
654.6,0.9847
654.8,0.98369
655,0.98315
655.2,0.98135
655.4,0.98033
655.6,0.97943
655.8,0.97861
656,0.9783
656.2,0.97742
656.4,0.97665
656.6,0.97616
656.8,0.976
657,0.97606
657.2,0.97558
657.4,0.97538
657.6,0.97554
657.8,0.97602
658,0.97624
658.2,0.97597
658.4,0.97675
658.6,0.97703
658.8,0.97717
659,0.97688
659.2,0.97667
659.4,0.97682
659.6,0.97615
659.8,0.97567
660,0.97539
660.2,0.97503
660.4,0.97498
660.6,0.97377
660.8,0.97272
661,0.97264
661.2,0.97185
661.4,0.97132
661.6,0.97037
661.8,0.97004
662,0.97035
662.2,0.97029
662.4,0.96998
662.6,0.9705
662.8,0.97122
663,0.97149
663.2,0.97215
663.4,0.97263
663.6,0.97311
663.8,0.9743
664,0.97503
664.2,0.97597
664.4,0.97658
664.6,0.97643
664.8,0.97718
665,0.97764
665.2,0.97738
665.4,0.9777
665.6,0.97713
665.8,0.97672
666,0.97555
666.2,0.97484
666.4,0.97346
666.6,0.97256
666.8,0.97049
667,0.96898
667.2,0.96745
667.4,0.96613
667.6,0.96581
667.8,0.96457
668,0.96364
668.2,0.9628
668.4,0.96311
668.6,0.9627
668.8,0.96306
669,0.96495
669.2,0.965
669.4,0.96666
669.6,0.9684
669.8,0.96971
670,0.97208
670.2,0.97419
670.4,0.97564
670.6,0.97759
670.8,0.97978
671,0.98115
671.2,0.98306
671.4,0.98467
671.6,0.98593
671.8,0.98654
672,0.98681
672.2,0.98765
672.4,0.98775
672.6,0.98637
672.8,0.98653
673,0.9861
673.2,0.98488
673.4,0.98444
673.6,0.98211
673.8,0.98119
674,0.98028
674.2,0.9792
674.4,0.97842
674.6,0.97702
674.8,0.97566
675,0.97463
675.2,0.9738
675.4,0.97281
675.6,0.97222
675.8,0.9705
676,0.97022
676.2,0.96993
676.4,0.96983
676.6,0.96966
676.8,0.96986
677,0.97118
677.2,0.97321
677.4,0.97525
677.6,0.97805
677.8,0.98042
678,0.98203
678.2,0.98488
678.4,0.98544
678.6,0.98373
678.8,0.97968
679,0.97082
679.2,0.95101
679.4,0.9258
679.6,0.89016
679.8,0.84172
680,0.78045
680.2,0.70598
680.4,0.62067
680.6,0.52003
680.8,0.42711
681,0.34073
681.2,0.26397
681.4,0.1997
681.6,0.14841
681.8,0.10876
682,0.07777
682.2,0.05596
682.4,0.04032
682.6,0.0291
682.8,0.02108
683,0.01534
683.2,0.01119
683.4,0.00844
683.6,0.00623
683.8,0.00461
684,0.00343
684.2,0.00258
684.4,0.00195
684.6,0.00148
684.8,0.00105
685,8.09E-04
685.2,6.20E-04
685.4,4.82E-04
685.6,3.76E-04
685.8,2.96E-04
686,2.34E-04
686.2,1.85E-04
686.4,1.46E-04
686.6,1.17E-04
686.8,9.30E-05
687,7.46E-05
687.2,6.05E-05
687.4,4.84E-05
687.6,3.92E-05
687.8,3.21E-05
688,2.59E-05
688.2,2.11E-05
688.4,1.72E-05
688.6,1.42E-05
688.8,1.18E-05
689,9.77E-06
689.2,7.92E-06
689.4,6.63E-06
689.6,5.51E-06
689.8,4.64E-06
690,3.95E-06
690.2,3.37E-06
690.4,2.85E-06
690.6,2.39E-06
690.8,2.02E-06
691,1.83E-06
691.2,1.34E-06
691.4,1.08E-06
691.6,1.04E-06
691.8,8.46E-07
692,8.27E-07
692.2,6.30E-07
692.4,5.24E-07
692.6,4.59E-07
692.8,3.95E-07
693,2.97E-07
693.2,1.49E-07
693.4,3.75E-07
693.6,1.90E-07
693.8,3.37E-07
694,5.50E-08
694.2,8.49E-08
694.4,1.18E-07
694.6,1.40E-07
694.8,1.06E-07
695,8.10E-08
695.2,8.75E-08
695.4,1.19E-07
695.6,9.08E-08
695.8,6.67E-08
696,4.87E-08
696.2,7.49E-08
696.4,1.57E-08
696.6,1.09E-08
696.8,1.46E-08
697,2.18E-08
697.2,2.24E-08
697.4,5.50E-08
697.6,1.23E-08
697.8,2.47E-08
698,4.79E-08
698.2,5.14E-08
698.4,2.76E-08
698.6,1.14E-08
698.8,3.00E-08
699,5.19E-08
699.2,1.76E-08
699.4,1.10E-08
699.6,1.37E-08
699.8,2.03E-08
700,1.16E-08
700.2,4.68E-08
700.4,1.16E-07
700.6,2.61E-08
700.8,1.65E-08
701,1.86E-08
701.2,3.85E-08
701.4,8.79E-08
701.6,1.21E-07
701.8,1.55E-07
702,2.93E-08
702.2,2.25E-08
702.4,4.84E-08
702.6,3.11E-08
702.8,1.29E-08
703,3.94E-08
703.2,6.58E-08
703.4,1.96E-08
703.6,1.07E-08
703.8,2.46E-08
704,5.06E-08
704.2,9.79E-08
704.4,6.28E-08
704.6,1.11E-07
704.8,3.67E-08
705,1.60E-08
705.2,2.78E-08
705.4,1.14E-08
705.6,1.09E-08
705.8,3.15E-08
706,7.32E-08
706.2,3.02E-08
706.4,1.35E-08
706.6,2.47E-08
706.8,5.97E-08
707,6.53E-08
707.2,5.07E-08
707.4,3.66E-08
707.6,1.93E-08
707.8,1.48E-08
708,3.15E-08
708.2,2.27E-08
708.4,1.34E-08
708.6,2.93E-08
708.8,2.33E-08
709,1.08E-08
709.2,1.08E-08
709.4,1.08E-08
709.6,1.08E-08
709.8,4.95E-08
710,7.39E-08
710.2,7.54E-08
710.4,4.50E-08
710.6,1.33E-08
710.8,3.20E-08
711,3.24E-08
711.2,3.85E-08
711.4,4.43E-08
711.6,5.33E-08
711.8,5.10E-08
712,3.83E-08
712.2,9.30E-08
712.4,5.24E-08
712.6,5.44E-08
712.8,5.41E-08
713,2.47E-08
713.2,1.36E-08
713.4,1.99E-08
713.6,1.14E-08
713.8,3.55E-08
714,8.72E-08
714.2,8.55E-08
714.4,1.70E-08
714.6,5.05E-08
714.8,2.15E-08
715,3.28E-08
715.2,1.87E-08
715.4,1.64E-08
715.6,1.98E-08
715.8,2.69E-08
716,1.58E-08
716.2,5.19E-08
716.4,1.42E-08
716.6,2.22E-08
716.8,3.74E-08
717,5.11E-08
717.2,2.75E-08
717.4,1.76E-08
717.6,4.63E-08
717.8,3.11E-08
718,2.62E-08
718.2,1.02E-07
718.4,1.71E-08
718.6,1.97E-08
718.8,1.67E-08
719,4.95E-08
719.2,1.66E-08
719.4,1.66E-08
719.6,1.66E-08
719.8,1.73E-08
720,3.76E-08
720.2,1.38E-08
720.4,7.36E-08
720.6,2.02E-08
720.8,3.47E-08
721,7.73E-08
721.2,4.13E-08
721.4,2.32E-08
721.6,5.53E-08
721.8,5.04E-08
722,5.80E-08
722.2,3.86E-08
722.4,2.70E-08
722.6,1.81E-08
722.8,4.82E-08
723,8.84E-08
723.2,1.66E-08
723.4,1.13E-08
723.6,1.13E-08
723.8,1.33E-08
724,2.24E-08
724.2,1.71E-08
724.4,1.15E-08
724.6,4.70E-08
724.8,9.79E-08
725,4.81E-08
725.2,1.83E-08
725.4,1.13E-07
725.6,3.95E-08
725.8,5.57E-08
726,1.67E-08
726.2,1.14E-08
726.4,1.15E-08
726.6,1.47E-08
726.8,4.48E-08
727,1.65E-08
727.2,2.18E-08
727.4,3.74E-08
727.6,2.30E-08
727.8,1.16E-08
728,1.16E-08
728.2,1.16E-08
728.4,1.16E-08
728.6,1.16E-08
728.8,1.86E-08
729,3.62E-08
729.2,3.70E-08
729.4,1.32E-08
729.6,4.01E-08
729.8,5.06E-08
730,1.56E-08
730.2,2.38E-08
730.4,4.43E-08
730.6,5.15E-08
730.8,3.44E-08
731,2.49E-08
731.2,1.45E-08
731.4,1.20E-08
731.6,3.66E-08
731.8,7.81E-08
732,5.07E-08
732.2,1.19E-08
732.4,1.19E-08
732.6,2.26E-08
732.8,3.37E-08
733,4.21E-08
733.2,4.79E-08
733.4,3.81E-08
733.6,1.25E-08
733.8,1.20E-08
734,2.37E-08
734.2,5.50E-08
734.4,2.83E-08
734.6,1.21E-08
734.8,1.61E-08
735,8.54E-08
735.2,2.05E-08
735.4,2.12E-08
735.6,2.79E-08
735.8,4.97E-08
736,6.49E-08
736.2,2.40E-08
736.4,1.97E-08
736.6,4.09E-08
736.8,3.03E-08
737,2.37E-08
737.2,1.23E-08
737.4,1.45E-08
737.6,2.62E-08
737.8,8.03E-08
738,2.52E-08
738.2,2.99E-08
738.4,2.82E-08
738.6,1.24E-08
738.8,1.24E-08
739,1.27E-08
739.2,3.07E-08
739.4,4.48E-08
739.6,2.84E-08
739.8,1.95E-08
740,1.98E-08
740.2,1.26E-08
740.4,1.26E-08
740.6,4.95E-08
740.8,2.73E-08
741,1.56E-08
741.2,2.61E-08
741.4,2.71E-08
741.6,1.62E-08
741.8,8.69E-08
742,6.15E-08
742.2,2.43E-08
742.4,2.07E-08
742.6,2.83E-08
742.8,2.14E-08
743,6.54E-08
743.2,1.55E-08
743.4,4.00E-08
743.6,2.85E-08
743.8,1.46E-08
744,2.79E-08
744.2,8.29E-08
744.4,1.04E-07
744.6,1.15E-07
744.8,5.84E-08
745,2.42E-08
745.2,1.92E-08
745.4,5.35E-08
745.6,4.84E-08
745.8,1.33E-08
746,1.32E-08
746.2,1.32E-08
746.4,1.32E-08
746.6,1.88E-08
746.8,5.97E-08
747,6.89E-08
747.2,1.44E-08
747.4,5.25E-08
747.6,4.27E-08
747.8,3.11E-08
748,3.85E-08
748.2,2.87E-08
748.4,1.60E-08
748.6,4.89E-08
748.8,9.78E-08
749,3.66E-08
749.2,1.35E-08
749.4,1.35E-08
749.6,1.36E-08
749.8,1.54E-08
750,9.07E-08
750.2,1.13E-07
750.4,4.06E-08
750.6,1.86E-08
750.8,4.03E-08
751,3.62E-08
751.2,9.10E-08
751.4,1.90E-08
751.6,2.15E-08
751.8,2.03E-08
752,1.38E-08
752.2,1.53E-08
752.4,6.52E-08
752.6,1.41E-08
752.8,1.39E-08
753,3.22E-08
753.2,3.15E-08
753.4,1.89E-08
753.6,5.54E-08
753.8,3.78E-08
754,9.35E-08
754.2,5.17E-08
754.4,4.98E-08
754.6,3.36E-08
754.8,2.01E-08
755,9.69E-08
755.2,2.27E-08
755.4,1.47E-08
755.6,1.43E-08
755.8,1.43E-08
756,1.43E-08
756.2,1.69E-08
756.4,4.10E-08
756.6,1.84E-08
756.8,1.47E-08
757,1.44E-08
757.2,1.45E-08
757.4,1.75E-08
757.6,2.74E-08
757.8,1.57E-08
758,3.35E-08
758.2,8.35E-08
758.4,4.67E-08
758.6,4.34E-08
758.8,7.30E-08
759,7.16E-08
759.2,4.76E-08
759.4,3.43E-08
759.6,4.08E-08
759.8,2.33E-08
760,1.49E-08
760.2,2.08E-08
760.4,7.34E-08
760.6,2.01E-08
760.8,3.79E-08
761,2.23E-08
761.2,1.51E-08
761.4,2.24E-08
761.6,4.22E-08
761.8,3.04E-08
762,9.78E-08
762.2,6.86E-08
762.4,2.32E-08
762.6,1.53E-08
762.8,1.53E-08
763,2.03E-08
763.2,1.20E-07
763.4,2.71E-08
763.6,3.16E-08
763.8,2.44E-08
764,1.54E-08
764.2,2.44E-08
764.4,6.66E-08
764.6,1.82E-08
764.8,4.13E-08
765,3.62E-08
765.2,1.92E-08
765.4,2.88E-08
765.6,6.59E-08
765.8,7.12E-08
766,1.95E-08
766.2,3.27E-08
766.4,5.68E-08
766.6,6.47E-08
766.8,6.30E-08
767,4.73E-08
767.2,1.59E-08
767.4,1.59E-08
767.6,1.59E-08
767.8,2.60E-08
768,2.74E-08
768.2,1.60E-08
768.4,1.60E-08
768.6,1.60E-08
768.8,1.61E-08
769,1.61E-08
769.2,1.61E-08
769.4,1.61E-08
769.6,1.62E-08
769.8,1.74E-08
770,5.79E-08
770.2,2.54E-08
770.4,1.11E-08
770.6,4.86E-09
770.8,2.13E-09
771,9.32E-10
771.2,5.87E-10
771.4,5.87E-10
771.6,5.86E-10
771.8,5.86E-10
772,5.86E-10
772.2,5.85E-10
772.4,5.85E-10
772.6,5.85E-10
772.8,5.85E-10
773,5.84E-10
773.2,5.84E-10
773.4,5.84E-10
773.6,5.84E-10
773.8,5.84E-10
774,5.83E-10
774.2,5.83E-10
774.4,5.83E-10
774.6,5.83E-10
774.8,5.83E-10
775,5.83E-10
775.2,5.83E-10
775.4,5.83E-10
775.6,5.83E-10
775.8,5.83E-10
776,5.83E-10
776.2,5.83E-10
776.4,5.83E-10
776.6,5.83E-10
776.8,5.83E-10
777,5.83E-10
777.2,5.83E-10
777.4,5.83E-10
777.6,5.83E-10
777.8,5.83E-10
778,5.84E-10
778.2,5.84E-10
778.4,5.84E-10
778.6,5.84E-10
778.8,5.84E-10
779,5.84E-10
779.2,5.84E-10
779.4,5.84E-10
779.6,5.84E-10
779.8,5.84E-10
780,5.83E-10
780.2,5.83E-10
780.4,5.83E-10
780.6,5.83E-10
780.8,5.83E-10
781,5.83E-10
781.2,5.83E-10
781.4,5.83E-10
781.6,5.83E-10
781.8,5.82E-10
782,5.82E-10
782.2,5.82E-10
782.4,5.82E-10
782.6,5.82E-10
782.8,5.82E-10
783,5.82E-10
783.2,5.82E-10
783.4,5.82E-10
783.6,5.82E-10
783.8,5.82E-10
784,5.82E-10
784.2,5.82E-10
784.4,5.83E-10
784.6,5.83E-10
784.8,5.83E-10
785,5.83E-10
785.2,5.83E-10
785.4,5.83E-10
785.6,5.83E-10
785.8,5.83E-10
786,5.83E-10
786.2,5.83E-10
786.4,5.83E-10
786.6,5.83E-10
786.8,5.83E-10
787,5.83E-10
787.2,5.83E-10
787.4,5.84E-10
787.6,5.84E-10
787.8,5.84E-10
788,5.85E-10
788.2,5.85E-10
788.4,5.85E-10
788.6,5.85E-10
788.8,5.86E-10
789,5.86E-10
789.2,5.86E-10
789.4,5.86E-10
789.6,5.86E-10
789.8,5.86E-10
790,5.87E-10
790.2,5.87E-10
790.4,5.87E-10
790.6,5.87E-10
790.8,5.87E-10
791,5.87E-10
791.2,6.76E-10
791.4,9.68E-10
791.6,1.39E-09
791.8,1.99E-09
792,2.84E-09
792.2,4.07E-09
792.4,5.83E-09
792.6,8.35E-09
792.8,1.20E-08
793,1.71E-08
793.2,1.72E-08
793.4,1.20E-08
793.6,8.41E-09
793.8,5.87E-09
794,4.10E-09
794.2,2.86E-09
794.4,2.00E-09
794.6,1.40E-09
794.8,9.76E-10
795,6.81E-10
795.2,5.89E-10
795.4,5.89E-10
795.6,5.90E-10
795.8,5.90E-10
796,5.90E-10
796.2,5.90E-10
796.4,5.90E-10
796.6,5.90E-10
796.8,5.91E-10
797,5.91E-10
797.2,7.71E-10
797.4,1.13E-09
797.6,1.64E-09
797.8,2.40E-09
798,3.50E-09
798.2,5.11E-09
798.4,7.46E-09
798.6,1.09E-08
798.8,1.59E-08
799,2.32E-08
799.2,2.38E-08
799.4,2.24E-08
799.6,2.12E-08
799.8,2.00E-08
800,1.89E-08
800.2,1.79E-08
800.4,1.69E-08
800.6,1.59E-08
800.8,1.50E-08
801,1.42E-08
801.2,1.21E-08
801.4,8.85E-09
801.6,6.44E-09
801.8,4.69E-09
802,3.42E-09
802.2,2.49E-09
802.4,1.81E-09
802.6,1.32E-09
802.8,9.61E-10
803,7.00E-10
803.2,7.15E-10
803.4,1.03E-09
803.6,1.48E-09
803.8,2.14E-09
804,3.08E-09
804.2,4.44E-09
804.4,6.40E-09
804.6,9.22E-09
804.8,1.33E-08
805,1.92E-08
805.2,1.77E-08
805.4,1.23E-08
805.6,8.55E-09
805.8,5.93E-09
806,4.12E-09
806.2,2.86E-09
806.4,1.98E-09
806.6,1.38E-09
806.8,9.56E-10
807,6.64E-10
807.2,7.69E-10
807.4,1.09E-09
807.6,1.54E-09
807.8,2.18E-09
808,3.08E-09
808.2,4.35E-09
808.4,6.16E-09
808.6,8.71E-09
808.8,1.23E-08
809,1.74E-08
809.2,1.76E-08
809.4,1.66E-08
809.6,1.57E-08
809.8,1.48E-08
810,1.40E-08
810.2,1.32E-08
810.4,1.25E-08
810.6,1.18E-08
810.8,1.11E-08
811,1.05E-08
811.2,9.93E-09
811.4,9.42E-09
811.6,8.93E-09
811.8,8.46E-09
812,8.02E-09
812.2,7.61E-09
812.4,7.21E-09
812.6,6.84E-09
812.8,6.48E-09
813,6.14E-09
813.2,5.34E-09
813.4,4.24E-09
813.6,3.37E-09
813.8,2.67E-09
814,2.12E-09
814.2,1.68E-09
814.4,1.34E-09
814.6,1.06E-09
814.8,8.42E-10
815,6.68E-10
815.2,7.52E-10
815.4,1.07E-09
815.6,1.52E-09
815.8,2.16E-09
816,3.08E-09
816.2,4.38E-09
816.4,6.23E-09
816.6,8.85E-09
816.8,1.26E-08
817,1.79E-08
817.2,1.54E-08
817.4,1.08E-08
817.6,7.63E-09
817.8,5.38E-09
818,3.79E-09
818.2,2.67E-09
818.4,1.88E-09
818.6,1.33E-09
818.8,9.36E-10
819,6.60E-10
819.2,8.02E-10
819.4,1.08E-09
819.6,1.45E-09
819.8,1.95E-09
820,2.62E-09
820.2,3.53E-09
820.4,4.74E-09
820.6,6.38E-09
820.8,8.57E-09
821,1.15E-08
821.2,1.34E-08
821.4,1.24E-08
821.6,1.14E-08
821.8,1.06E-08
822,9.77E-09
822.2,9.02E-09
822.4,8.33E-09
822.6,7.70E-09
822.8,7.11E-09
823,6.57E-09
823.2,6.82E-09
823.4,7.93E-09
823.6,9.22E-09
823.8,1.07E-08
824,1.25E-08
824.2,1.45E-08
824.4,1.69E-08
824.6,1.96E-08
824.8,2.28E-08
825,2.66E-08
825.2,2.76E-08
825.4,2.70E-08
825.6,2.63E-08
825.8,2.57E-08
826,2.50E-08
826.2,2.44E-08
826.4,2.38E-08
826.6,2.32E-08
826.8,2.26E-08
827,2.21E-08
827.2,2.28E-08
827.4,2.40E-08
827.6,2.53E-08
827.8,2.66E-08
828,2.80E-08
828.2,2.95E-08
828.4,3.10E-08
828.6,3.26E-08
828.8,3.43E-08
829,3.61E-08
829.2,3.48E-08
829.4,3.32E-08
829.6,3.17E-08
829.8,3.02E-08
830,2.88E-08
830.2,2.75E-08
830.4,2.62E-08
830.6,2.50E-08
830.8,2.38E-08
831,2.27E-08
831.2,2.12E-08
831.4,1.89E-08
831.6,1.68E-08
831.8,1.50E-08
832,1.34E-08
832.2,1.19E-08
832.4,1.07E-08
832.6,9.51E-09
832.8,8.48E-09
833,7.56E-09
833.2,7.60E-09
833.4,8.70E-09
833.6,9.97E-09
833.8,1.14E-08
834,1.31E-08
834.2,1.50E-08
834.4,1.72E-08
834.6,1.97E-08
834.8,2.25E-08
835,2.58E-08
835.2,2.57E-08
835.4,2.33E-08
835.6,2.11E-08
835.8,1.91E-08
836,1.74E-08
836.2,1.57E-08
836.4,1.43E-08
836.6,1.29E-08
836.8,1.17E-08
837,1.06E-08
837.2,1.12E-08
837.4,1.23E-08
837.6,1.36E-08
837.8,1.51E-08
838,1.67E-08
838.2,1.84E-08
838.4,2.04E-08
838.6,2.25E-08
838.8,2.49E-08
839,2.75E-08
839.2,2.23E-08
839.4,1.73E-08
839.6,1.34E-08
839.8,1.04E-08
840,8.07E-09
840.2,6.27E-09
840.4,4.86E-09
840.6,3.78E-09
840.8,2.93E-09
841,2.27E-09
841.2,2.12E-09
841.4,2.72E-09
841.6,3.49E-09
841.8,4.47E-09
842,5.73E-09
842.2,7.35E-09
842.4,9.43E-09
842.6,1.21E-08
842.8,1.55E-08
843,1.99E-08
843.2,2.12E-08
843.4,1.89E-08
843.6,1.68E-08
843.8,1.49E-08
844,1.32E-08
844.2,1.18E-08
844.4,1.04E-08
844.6,9.28E-09
844.8,8.25E-09
845,7.33E-09
845.2,7.40E-09
845.4,8.03E-09
845.6,8.72E-09
845.8,9.48E-09
846,1.03E-08
846.2,1.12E-08
846.4,1.21E-08
846.6,1.32E-08
846.8,1.43E-08
847,1.56E-08
847.2,1.63E-08
847.4,1.69E-08
847.6,1.75E-08
847.8,1.82E-08
848,1.88E-08
848.2,1.95E-08
848.4,2.03E-08
848.6,2.10E-08
848.8,2.18E-08
849,2.26E-08
849.2,1.66E-08
849.4,1.18E-08
849.6,8.42E-09
849.8,6.00E-09
850,4.28E-09
850.2,3.05E-09
850.4,2.17E-09
850.6,1.55E-09
850.8,1.10E-09
851,7.86E-10
851.2,6.26E-10
851.4,6.26E-10
851.6,6.27E-10
851.8,6.27E-10
852,6.27E-10
852.2,6.27E-10
852.4,6.27E-10
852.6,6.27E-10
852.8,6.27E-10
853,6.27E-10
853.2,7.53E-10
853.4,1.11E-09
853.6,1.62E-09
853.8,2.38E-09
854,3.50E-09
854.2,5.14E-09
854.4,7.55E-09
854.6,1.11E-08
854.8,1.63E-08
855,2.39E-08
855.2,2.46E-08
855.4,2.05E-08
855.6,1.70E-08
855.8,1.41E-08
856,1.17E-08
856.2,9.71E-09
856.4,8.06E-09
856.6,6.69E-09
856.8,5.55E-09
857,4.61E-09
857.2,4.77E-09
857.4,5.28E-09
857.6,5.84E-09
857.8,6.46E-09
858,7.15E-09
858.2,7.91E-09
858.4,8.75E-09
858.6,9.68E-09
858.8,1.07E-08
859,1.19E-08
859.2,1.19E-08
859.4,1.19E-08
859.6,1.18E-08
859.8,1.18E-08
860,1.17E-08
860.2,1.17E-08
860.4,1.16E-08
860.6,1.16E-08
860.8,1.15E-08
861,1.15E-08
861.2,1.11E-08
861.4,1.01E-08
861.6,9.13E-09
861.8,8.29E-09
862,7.53E-09
862.2,6.84E-09
862.4,6.21E-09
862.6,5.64E-09
862.8,5.12E-09
863,4.65E-09
863.2,4.77E-09
863.4,5.55E-09
863.6,6.48E-09
863.8,7.55E-09
864,8.80E-09
864.2,1.03E-08
864.4,1.20E-08
864.6,1.39E-08
864.8,1.63E-08
865,1.90E-08
865.2,1.93E-08
865.4,1.83E-08
865.6,1.74E-08
865.8,1.65E-08
866,1.56E-08
866.2,1.48E-08
866.4,1.40E-08
866.6,1.33E-08
866.8,1.26E-08
867,1.19E-08
867.2,9.28E-09
867.4,6.87E-09
867.6,5.09E-09
867.8,3.77E-09
868,2.79E-09
868.2,2.07E-09
868.4,1.53E-09
868.6,1.13E-09
868.8,8.40E-10
869,6.22E-10
869.2,8.69E-10
869.4,1.25E-09
869.6,1.81E-09
869.8,2.61E-09
870,3.76E-09
870.2,5.43E-09
870.4,7.84E-09
870.6,1.13E-08
870.8,1.63E-08
871,2.35E-08
871.2,3.00E-08
871.4,2.87E-08
871.6,2.75E-08
871.8,2.63E-08
872,2.52E-08
872.2,2.41E-08
872.4,2.31E-08
872.6,2.21E-08
872.8,2.12E-08
873,2.03E-08
873.2,1.97E-08
873.4,1.95E-08
873.6,1.92E-08
873.8,1.90E-08
874,1.88E-08
874.2,1.86E-08
874.4,1.84E-08
874.6,1.82E-08
874.8,1.80E-08
875,1.78E-08
875.2,1.80E-08
875.4,1.85E-08
875.6,1.90E-08
875.8,1.96E-08
876,2.01E-08
876.2,2.07E-08
876.4,2.13E-08
876.6,2.19E-08
876.8,2.25E-08
877,2.31E-08
877.2,2.23E-08
877.4,2.10E-08
877.6,1.98E-08
877.8,1.87E-08
878,1.77E-08
878.2,1.67E-08
878.4,1.58E-08
878.6,1.49E-08
878.8,1.40E-08
879,1.33E-08
879.2,1.28E-08
879.4,1.23E-08
879.6,1.19E-08
879.8,1.15E-08
880,1.11E-08
880.2,1.07E-08
880.4,1.03E-08
880.6,9.94E-09
880.8,9.59E-09
881,9.25E-09
881.2,9.17E-09
881.4,9.66E-09
881.6,1.02E-08
881.8,1.07E-08
882,1.13E-08
882.2,1.19E-08
882.4,1.25E-08
882.6,1.32E-08
882.8,1.39E-08
883,1.46E-08
883.2,1.71E-08
883.4,2.27E-08
883.6,3.00E-08
883.8,3.97E-08
884,5.26E-08
884.2,6.96E-08
884.4,9.21E-08
884.6,1.22E-07
884.8,1.61E-07
885,2.14E-07
885.2,2.10E-07
885.4,1.74E-07
885.6,1.44E-07
885.8,1.20E-07
886,9.92E-08
886.2,8.22E-08
886.4,6.81E-08
886.6,5.65E-08
886.8,4.68E-08
887,3.88E-08
887.2,3.61E-08
887.4,3.45E-08
887.6,3.30E-08
887.8,3.16E-08
888,3.02E-08
888.2,2.89E-08
888.4,2.77E-08
888.6,2.65E-08
888.8,2.53E-08
889,2.42E-08
889.2,2.36E-08
889.4,2.30E-08
889.6,2.25E-08
889.8,2.20E-08
890,2.14E-08
890.2,2.09E-08
890.4,2.04E-08
890.6,1.99E-08
890.8,1.94E-08
891,1.90E-08
891.2,1.86E-08
891.4,1.86E-08
891.6,1.86E-08
891.8,1.86E-08
892,1.85E-08
892.2,1.85E-08
892.4,1.85E-08
892.6,1.84E-08
892.8,1.84E-08
893,1.84E-08
893.2,2.02E-08
893.4,2.49E-08
893.6,3.07E-08
893.8,3.80E-08
894,4.69E-08
894.2,5.79E-08
894.4,7.14E-08
894.6,8.82E-08
894.8,1.09E-07
895,1.34E-07
895.2,1.56E-07
895.4,1.74E-07
895.6,1.94E-07
895.8,2.16E-07
896,2.41E-07
896.2,2.69E-07
896.4,3.00E-07
896.6,3.35E-07
896.8,3.74E-07
897,4.17E-07
897.2,3.64E-07
897.4,2.98E-07
897.6,2.44E-07
897.8,2.00E-07
898,1.63E-07
898.2,1.34E-07
898.4,1.09E-07
898.6,8.93E-08
898.8,7.31E-08
899,5.98E-08
899.2,5.71E-08
899.4,5.49E-08
899.6,5.28E-08
899.8,5.08E-08
900,4.88E-08
900.2,4.69E-08
900.4,4.51E-08
900.6,4.34E-08
900.8,4.17E-08
901,4.01E-08
901.2,3.87E-08
901.4,3.80E-08
901.6,3.72E-08
901.8,3.65E-08
902,3.58E-08
902.2,3.51E-08
902.4,3.44E-08
902.6,3.38E-08
902.8,3.31E-08
903,3.25E-08
903.2,3.27E-08
903.4,3.41E-08
903.6,3.55E-08
903.8,3.70E-08
904,3.86E-08
904.2,4.02E-08
904.4,4.19E-08
904.6,4.37E-08
904.8,4.55E-08
905,4.75E-08
905.2,4.78E-08
905.4,4.70E-08
905.6,4.63E-08
905.8,4.56E-08
906,4.50E-08
906.2,4.43E-08
906.4,4.36E-08
906.6,4.29E-08
906.8,4.23E-08
907,4.17E-08
907.2,4.20E-08
907.4,4.27E-08
907.6,4.33E-08
907.8,4.40E-08
908,4.46E-08
908.2,4.53E-08
908.4,4.60E-08
908.6,4.67E-08
908.8,4.74E-08
909,4.81E-08
909.2,5.09E-08
909.4,5.38E-08
909.6,5.69E-08
909.8,6.01E-08
910,6.36E-08
910.2,6.72E-08
910.4,7.10E-08
910.6,7.51E-08
910.8,7.94E-08
911,8.40E-08
911.2,9.06E-08
911.4,1.04E-07
911.6,1.20E-07
911.8,1.39E-07
912,1.60E-07
912.2,1.84E-07
912.4,2.12E-07
912.6,2.44E-07
912.8,2.81E-07
913,3.24E-07
913.2,3.63E-07
913.4,3.93E-07
913.6,4.26E-07
913.8,4.61E-07
914,4.99E-07
914.2,5.41E-07
914.4,5.85E-07
914.6,6.34E-07
914.8,6.86E-07
915,7.43E-07
915.2,7.19E-07
915.4,6.47E-07
915.6,5.82E-07
915.8,5.23E-07
916,4.71E-07
916.2,4.24E-07
916.4,3.81E-07
916.6,3.43E-07
916.8,3.09E-07
917,2.78E-07
917.2,2.51E-07
917.4,2.27E-07
917.6,2.05E-07
917.8,1.85E-07
918,1.67E-07
918.2,1.51E-07
918.4,1.37E-07
918.6,1.24E-07
918.8,1.12E-07
919,1.01E-07
919.2,9.90E-08
919.4,9.71E-08
919.6,9.53E-08
919.8,9.34E-08
920,9.17E-08
920.2,8.99E-08
920.4,8.82E-08
920.6,8.66E-08
920.8,8.49E-08
921,8.33E-08
921.2,8.14E-08
921.4,7.84E-08
921.6,7.55E-08
921.8,7.27E-08
922,7.00E-08
922.2,6.74E-08
922.4,6.49E-08
922.6,6.25E-08
922.8,6.02E-08
923,5.79E-08
923.2,5.75E-08
923.4,5.93E-08
923.6,6.13E-08
923.8,6.33E-08
924,6.54E-08
924.2,6.76E-08
924.4,6.98E-08
924.6,7.21E-08
924.8,7.45E-08
925,7.69E-08
925.2,7.77E-08
925.4,7.74E-08
925.6,7.71E-08
925.8,7.67E-08
926,7.64E-08
926.2,7.61E-08
926.4,7.58E-08
926.6,7.55E-08
926.8,7.52E-08
927,7.49E-08
927.2,7.73E-08
927.4,8.06E-08
927.6,8.41E-08
927.8,8.77E-08
928,9.14E-08
928.2,9.53E-08
928.4,9.94E-08
928.6,1.04E-07
928.8,1.08E-07
929,1.13E-07
929.2,1.19E-07
929.4,1.25E-07
929.6,1.32E-07
929.8,1.39E-07
930,1.46E-07
930.2,1.54E-07
930.4,1.62E-07
930.6,1.71E-07
930.8,1.80E-07
931,1.90E-07
931.2,2.01E-07
931.4,2.16E-07
931.6,2.33E-07
931.8,2.50E-07
932,2.70E-07
932.2,2.90E-07
932.4,3.12E-07
932.6,3.36E-07
932.8,3.62E-07
933,3.90E-07
933.2,4.22E-07
933.4,4.60E-07
933.6,5.01E-07
933.8,5.45E-07
934,5.94E-07
934.2,6.47E-07
934.4,7.05E-07
934.6,7.67E-07
934.8,8.36E-07
935,9.10E-07
935.2,9.55E-07
935.4,9.80E-07
935.6,1.01E-06
935.8,1.03E-06
936,1.06E-06
936.2,1.09E-06
936.4,1.11E-06
936.6,1.14E-06
936.8,1.17E-06
937,1.20E-06
937.2,1.16E-06
937.4,1.09E-06
937.6,1.04E-06
937.8,9.80E-07
938,9.28E-07
938.2,8.78E-07
938.4,8.31E-07
938.6,7.87E-07
938.8,7.45E-07
939,7.05E-07
939.2,6.62E-07
939.4,6.22E-07
939.6,5.85E-07
939.8,5.49E-07
940,5.16E-07
940.2,4.85E-07
940.4,4.56E-07
940.6,4.28E-07
940.8,4.02E-07
941,3.78E-07
941.2,3.57E-07
941.4,3.47E-07
941.6,3.36E-07
941.8,3.26E-07
942,3.16E-07
942.2,3.07E-07
942.4,2.98E-07
942.6,2.89E-07
942.8,2.80E-07
943,2.72E-07
943.2,2.65E-07
943.4,2.61E-07
943.6,2.57E-07
943.8,2.53E-07
944,2.50E-07
944.2,2.46E-07
944.4,2.42E-07
944.6,2.38E-07
944.8,2.35E-07
945,2.31E-07
945.2,2.28E-07
945.4,2.25E-07
945.6,2.21E-07
945.8,2.18E-07
946,2.15E-07
946.2,2.12E-07
946.4,2.09E-07
946.6,2.07E-07
946.8,2.04E-07
947,2.01E-07
947.2,2.02E-07
947.4,2.04E-07
947.6,2.07E-07
947.8,2.09E-07
948,2.11E-07
948.2,2.13E-07
948.4,2.16E-07
948.6,2.18E-07
948.8,2.20E-07
949,2.22E-07
949.2,2.23E-07
949.4,2.24E-07
949.6,2.25E-07
949.8,2.26E-07
950,2.26E-07
950.2,2.27E-07
950.4,2.28E-07
950.6,2.29E-07
950.8,2.30E-07
951,2.30E-07
951.2,2.32E-07
951.4,2.38E-07
951.6,2.43E-07
951.8,2.49E-07
952,2.55E-07
952.2,2.61E-07
952.4,2.68E-07
952.6,2.74E-07
952.8,2.81E-07
953,2.87E-07
953.2,2.94E-07
953.4,3.02E-07
953.6,3.11E-07
953.8,3.19E-07
954,3.28E-07
954.2,3.37E-07
954.4,3.46E-07
954.6,3.55E-07
954.8,3.65E-07
955,3.74E-07
955.2,3.87E-07
955.4,4.02E-07
955.6,4.18E-07
955.8,4.34E-07
956,4.51E-07
956.2,4.69E-07
956.4,4.87E-07
956.6,5.06E-07
956.8,5.26E-07
957,5.46E-07
957.2,5.70E-07
957.4,5.96E-07
957.6,6.22E-07
957.8,6.50E-07
958,6.79E-07
958.2,7.09E-07
958.4,7.41E-07
958.6,7.74E-07
958.8,8.09E-07
959,8.46E-07
959.2,8.99E-07
959.4,9.56E-07
959.6,1.02E-06
959.8,1.08E-06
960,1.15E-06
960.2,1.22E-06
960.4,1.30E-06
960.6,1.38E-06
960.8,1.47E-06
961,1.56E-06
961.2,1.66E-06
961.4,1.78E-06
961.6,1.91E-06
961.8,2.04E-06
962,2.19E-06
962.2,2.35E-06
962.4,2.51E-06
962.6,2.69E-06
962.8,2.89E-06
963,3.09E-06
963.2,3.32E-06
963.4,3.59E-06
963.6,3.87E-06
963.8,4.17E-06
964,4.50E-06
964.2,4.85E-06
964.4,5.23E-06
964.6,5.64E-06
964.8,6.08E-06
965,6.56E-06
965.2,6.99E-06
965.4,7.38E-06
965.6,7.80E-06
965.8,8.24E-06
966,8.70E-06
966.2,9.19E-06
966.4,9.71E-06
966.6,1.03E-05
966.8,1.08E-05
967,1.14E-05
967.2,1.16E-05
967.4,1.18E-05
967.6,1.19E-05
967.8,1.20E-05
968,1.21E-05
968.2,1.22E-05
968.4,1.24E-05
968.6,1.25E-05
968.8,1.26E-05
969,1.27E-05
969.2,1.24E-05
969.4,1.21E-05
969.6,1.19E-05
969.8,1.16E-05
970,1.13E-05
970.2,1.11E-05
970.4,1.08E-05
970.6,1.06E-05
970.8,1.03E-05
971,1.01E-05
971.2,9.87E-06
971.4,9.68E-06
971.6,9.50E-06
971.8,9.32E-06
972,9.14E-06
972.2,8.96E-06
972.4,8.79E-06
972.6,8.63E-06
972.8,8.46E-06
973,8.30E-06
973.2,8.18E-06
973.4,8.10E-06
973.6,8.03E-06
973.8,7.95E-06
974,7.88E-06
974.2,7.81E-06
974.4,7.74E-06
974.6,7.66E-06
974.8,7.59E-06
975,7.52E-06
975.2,7.51E-06
975.4,7.52E-06
975.6,7.53E-06
975.8,7.54E-06
976,7.55E-06
976.2,7.56E-06
976.4,7.57E-06
976.6,7.58E-06
976.8,7.59E-06
977,7.60E-06
977.2,7.68E-06
977.4,7.77E-06
977.6,7.85E-06
977.8,7.94E-06
978,8.03E-06
978.2,8.12E-06
978.4,8.21E-06
978.6,8.30E-06
978.8,8.39E-06
979,8.50E-06
979.2,8.67E-06
979.4,8.84E-06
979.6,9.02E-06
979.8,9.20E-06
980,9.39E-06
980.2,9.58E-06
980.4,9.77E-06
980.6,9.97E-06
980.8,1.02E-05
981,1.04E-05
981.2,1.06E-05
981.4,1.09E-05
981.6,1.13E-05
981.8,1.16E-05
982,1.20E-05
982.2,1.23E-05
982.4,1.27E-05
982.6,1.31E-05
982.8,1.35E-05
983,1.39E-05
983.2,1.44E-05
983.4,1.49E-05
983.6,1.54E-05
983.8,1.60E-05
984,1.66E-05
984.2,1.72E-05
984.4,1.78E-05
984.6,1.85E-05
984.8,1.92E-05
985,1.99E-05
985.2,2.07E-05
985.4,2.16E-05
985.6,2.26E-05
985.8,2.36E-05
986,2.47E-05
986.2,2.58E-05
986.4,2.69E-05
986.6,2.81E-05
986.8,2.94E-05
987,3.07E-05
987.2,3.23E-05
987.4,3.40E-05
987.6,3.58E-05
987.8,3.78E-05
988,3.98E-05
988.2,4.19E-05
988.4,4.41E-05
988.6,4.65E-05
988.8,4.90E-05
989,5.16E-05
989.2,5.39E-05
989.4,5.62E-05
989.6,5.87E-05
989.8,6.13E-05
990,6.41E-05
990.2,6.69E-05
990.4,6.99E-05
990.6,7.29E-05
990.8,7.95E-05
991,8.67E-05
991.2,9.46E-05
991.4,1.03E-04
991.6,1.12E-04
991.8,1.22E-04
992,1.29E-04
992.2,1.37E-04
992.4,1.45E-04
992.6,1.53E-04
992.8,1.63E-04
993,1.72E-04
993.2,1.82E-04
993.4,1.93E-04
993.6,2.04E-04
993.8,2.16E-04
994,2.29E-04
994.2,2.32E-04
994.4,2.35E-04
994.6,2.37E-04
994.8,2.40E-04
995,2.43E-04
995.2,2.45E-04
995.4,2.62E-04
995.6,2.83E-04
995.8,3.06E-04
996,3.30E-04
996.2,3.57E-04
996.4,3.79E-04
996.6,3.89E-04
996.8,3.98E-04
997,4.08E-04
997.2,4.19E-04
997.4,4.29E-04
997.6,4.36E-04
997.8,4.42E-04
998,4.49E-04
998.2,4.55E-04
998.4,4.62E-04
998.6,4.67E-04
998.8,4.71E-04
999,4.75E-04
999.2,4.79E-04
999.4,4.83E-04
999.6,4.87E-04
999.8,4.89E-04
1000,4.91E-04
1000.2,4.95E-04
1000.4,5.00E-04
1000.6,5.04E-04
1000.8,5.08E-04
1001,5.12E-04
1001.2,5.15E-04
1001.4,5.19E-04
1001.6,5.23E-04
1001.8,5.27E-04
1002,5.32E-04
1002.2,5.38E-04
1002.4,5.43E-04
1002.6,5.48E-04
1002.8,5.54E-04
1003,5.61E-04
1003.2,5.68E-04
1003.4,5.75E-04
1003.6,5.82E-04
1003.8,5.89E-04
1004,5.99E-04
1004.2,6.08E-04
1004.4,6.17E-04
1004.6,6.27E-04
1004.8,6.37E-04
1005,6.51E-04
1005.2,8.32E-04
1005.4,8.40E-04
1005.6,8.70E-04
1005.8,8.86E-04
1006,8.84E-04
1006.2,9.18E-04
1006.4,9.38E-04
1006.6,9.64E-04
1006.8,9.75E-04
1007,0.00101
1007.2,0.00102
1007.4,0.00105
1007.6,0.00109
1007.8,0.00109
1008,0.00112
1008.2,0.00118
1008.4,0.00121
1008.6,0.00124
1008.8,0.00129
1009,0.00133
1009.2,0.00137
1009.4,0.0014
1009.6,0.00146
1009.8,0.00148
1010,0.00155
1010.2,0.00162
1010.4,0.00168
1010.6,0.00175
1010.8,0.00179
1011,0.00188
1011.2,0.00195
1011.4,0.00204
1011.6,0.00213
1011.8,0.00222
1012,0.00231
1012.2,0.00244
1012.4,0.00254
1012.6,0.00268
1012.8,0.0028
1013,0.00296
1013.2,0.0031
1013.4,0.00326
1013.6,0.00345
1013.8,0.00364
1014,0.00382
1014.2,0.00403
1014.4,0.00431
1014.6,0.00457
1014.8,0.00482
1015,0.00513
1015.2,0.0055
1015.4,0.00578
1015.6,0.00621
1015.8,0.00661
1016,0.00704
1016.2,0.00755
1016.4,0.00806
1016.6,0.0086
1016.8,0.00929
1017,0.00998
1017.2,0.01072
1017.4,0.01157
1017.6,0.01254
1017.8,0.01347
1018,0.01456
1018.2,0.01581
1018.4,0.0171
1018.6,0.01861
1018.8,0.02018
1019,0.02198
1019.2,0.02382
1019.4,0.02605
1019.6,0.02844
1019.8,0.03118
1020,0.03389
1020.2,0.03707
1020.4,0.04072
1020.6,0.04471
1020.8,0.0489
1021,0.05388
1021.2,0.05886
1021.4,0.06428
1021.6,0.07093
1021.8,0.07806
1022,0.08543
1022.2,0.09334
1022.4,0.10249
1022.6,0.11213
1022.8,0.12276
1023,0.13412
1023.2,0.14654
1023.4,0.15871
1023.6,0.17183
1023.8,0.18705
1024,0.20244
1024.2,0.21762
1024.4,0.23387
1024.6,0.24992
1024.8,0.26644
1025,0.27293
1025.2,0.27714
1025.4,0.29288
1025.6,0.3118
1025.8,0.32989
1026,0.34589
1026.2,0.36233
1026.4,0.37968
1026.6,0.39531
1026.8,0.41232
1027,0.42986
1027.2,0.4468
1027.4,0.46139
1027.6,0.47619
1027.8,0.49384
1028,0.50892
1028.2,0.52519
1028.4,0.54171
1028.6,0.55609
1028.8,0.56968
1029,0.58578
1029.2,0.60124
1029.4,0.61598
1029.6,0.62982
1029.8,0.64344
1030,0.65622
1030.2,0.66721
1030.4,0.67997
1030.6,0.69134
1030.8,0.69897
1031,0.70592
1031.2,0.71279
1031.4,0.7181
1031.6,0.72038
1031.8,0.72108
1032,0.7209
1032.2,0.71814
1032.4,0.71386
1032.6,0.70896
1032.8,0.70157
1033,0.69244
1033.2,0.68307
1033.4,0.67217
1033.6,0.66017
1033.8,0.64782
1034,0.63627
1034.2,0.62162
1034.4,0.6072
1034.6,0.59317
1034.8,0.57936
1035,0.56534
1035.2,0.55241
1035.4,0.53925
1035.6,0.52586
1035.8,0.51312
1036,0.50109
1036.2,0.48893
1036.4,0.47866
1036.6,0.46902
1036.8,0.45887
1037,0.44928
1037.2,0.44058
1037.4,0.43244
1037.6,0.42491
1037.8,0.41795
1038,0.41211
1038.2,0.40532
1038.4,0.40004
1038.6,0.39487
1038.8,0.3898
1039,0.38652
1039.2,0.3826
1039.4,0.37994
1039.6,0.3776
1039.8,0.37495
1040,0.37233
1040.2,0.37146
1040.4,0.37027
1040.6,0.3698
1040.8,0.36978
1041,0.36963
1041.2,0.37077
1041.4,0.37148
1041.6,0.37373
1041.8,0.37533
1042,0.37748
1042.2,0.38074
1042.4,0.38317
1042.6,0.38653
1042.8,0.39024
1043,0.39407
1043.2,0.39892
1043.4,0.40412
1043.6,0.41031
1043.8,0.41626
1044,0.42246
1044.2,0.4291
1044.4,0.43587
1044.6,0.44411
1044.8,0.45185
1045,0.45823
1045.2,0.46449
1045.4,0.47342
1045.6,0.48357
1045.8,0.49313
1046,0.50435
1046.2,0.51399
1046.4,0.52558
1046.6,0.5373
1046.8,0.54867
1047,0.55984
1047.2,0.57325
1047.4,0.58588
1047.6,0.59849
1047.8,0.611
1048,0.62352
1048.2,0.63626
1048.4,0.64944
1048.6,0.66131
1048.8,0.67396
1049,0.6867
1049.2,0.69931
1049.4,0.7108
1049.6,0.72179
1049.8,0.73223
1050,0.74166
1050.2,0.75086
1050.4,0.7589
1050.6,0.76775
1050.8,0.77434
1051,0.78107
1051.2,0.78617
1051.4,0.79099
1051.6,0.79366
1051.8,0.79778
1052,0.79875
1052.2,0.80028
1052.4,0.80036
1052.6,0.80069
1052.8,0.80046
1053,0.79901
1053.2,0.79656
1053.4,0.79527
1053.6,0.79105
1053.8,0.78877
1054,0.78488
1054.2,0.77915
1054.4,0.7753
1054.6,0.7722
1054.8,0.76706
1055,0.76269
1055.2,0.75933
1055.4,0.75429
1055.6,0.75157
1055.8,0.74473
1056,0.74174
1056.2,0.73822
1056.4,0.73348
1056.6,0.73024
1056.8,0.72635
1057,0.72343
1057.2,0.72232
1057.4,0.7177
1057.6,0.71667
1057.8,0.71533
1058,0.71246
1058.2,0.71179
1058.4,0.71104
1058.6,0.70869
1058.8,0.70933
1059,0.7096
1059.2,0.70929
1059.4,0.71085
1059.6,0.7107
1059.8,0.71183
1060,0.71236
1060.2,0.71404
1060.4,0.71638
1060.6,0.71802
1060.8,0.72127
1061,0.72427
1061.2,0.72784
1061.4,0.7296
1061.6,0.73364
1061.8,0.73665
1062,0.73914
1062.2,0.74375
1062.4,0.74666
1062.6,0.75029
1062.8,0.75493
1063,0.75807
1063.2,0.76259
1063.4,0.76568
1063.6,0.77084
1063.8,0.7746
1064,0.77814
1064.2,0.78134
1064.4,0.7842
1064.6,0.78764
1064.8,0.78935
1065,0.79122
1065.2,0.79265
1065.4,0.79504
1065.6,0.79511
1065.8,0.79794
1066,0.79876
1066.2,0.80001
1066.4,0.80077
1066.6,0.80039
1066.8,0.80067
1067,0.79763
1067.2,0.79613
1067.4,0.79559
1067.6,0.79095
1067.8,0.7895
1068,0.78761
1068.2,0.78295
1068.4,0.7804
1068.6,0.77568
1068.8,0.77097
1069,0.76693
1069.2,0.76024
1069.4,0.75613
1069.6,0.75034
1069.8,0.7436
1070,0.73942
1070.2,0.73058
1070.4,0.72607
1070.6,0.72082
1070.8,0.71453
1071,0.70881
1071.2,0.70201
1071.4,0.69655
1071.6,0.6899
1071.8,0.68433
1072,0.67838
1072.2,0.67042
1072.4,0.66512
1072.6,0.65971
1072.8,0.65275
1073,0.64763
1073.2,0.64202
1073.4,0.63861
1073.6,0.6333
1073.8,0.6299
1074,0.62491
1074.2,0.61988
1074.4,0.61627
1074.6,0.61265
1074.8,0.60883
1075,0.60613
1075.2,0.60168
1075.4,0.59941
1075.6,0.59647
1075.8,0.59368
1076,0.59202
1076.2,0.5904
1076.4,0.59012
1076.6,0.58811
1076.8,0.58689
1077,0.58734
1077.2,0.58558
1077.4,0.58587
1077.6,0.58533
1077.8,0.58771
1078,0.58705
1078.2,0.58808
1078.4,0.58877
1078.6,0.59027
1078.8,0.59061
1079,0.59317
1079.2,0.59579
1079.4,0.59815
1079.6,0.60042
1079.8,0.60498
1080,0.60669
1080.2,0.61321
1080.4,0.61567
1080.6,0.62024
1080.8,0.62409
1081,0.62976
1081.2,0.63601
1081.4,0.64062
1081.6,0.64625
1081.8,0.652
1082,0.65727
1082.2,0.66387
1082.4,0.66974
1082.6,0.67772
1082.8,0.68448
1083,0.69226
1083.2,0.69886
1083.4,0.70616
1083.6,0.71524
1083.8,0.72387
1084,0.73381
1084.2,0.74026
1084.4,0.74984
1084.6,0.75921
1084.8,0.7675
1085,0.7759
1085.2,0.78521
1085.4,0.79591
1085.6,0.80438
1085.8,0.81264
1086,0.82135
1086.2,0.83106
1086.4,0.84082
1086.6,0.84995
1086.8,0.86075
1087,0.86804
1087.2,0.87602
1087.4,0.88538
1087.6,0.89373
1087.8,0.90008
1088,0.90854
1088.2,0.91662
1088.4,0.92343
1088.6,0.92809
1088.8,0.93594
1089,0.94018
1089.2,0.94633
1089.4,0.94939
1089.6,0.95316
1089.8,0.9595
1090,0.96062
1090.2,0.96422
1090.4,0.9659
1090.6,0.96836
1090.8,0.9672
1091,0.9693
1091.2,0.96968
1091.4,0.96869
1091.6,0.9697
1091.8,0.9684
1092,0.96659
1092.2,0.96614
1092.4,0.96288
1092.6,0.95853
1092.8,0.95709
1093,0.95154
1093.2,0.95235
1093.4,0.94383
1093.6,0.94373
1093.8,0.94089
1094,0.93482
1094.2,0.9306
1094.4,0.92592
1094.6,0.92135
1094.8,0.91807
1095,0.91479
1095.2,0.90913
1095.4,0.90412
1095.6,0.89846
1095.8,0.8938
1096,0.88871
1096.2,0.88462
1096.4,0.88189
1096.6,0.87614
1096.8,0.8742
1097,0.86639
1097.2,0.86399
1097.4,0.85821
1097.6,0.85458
1097.8,0.85084
1098,0.84589
1098.2,0.84416
1098.4,0.84049
1098.6,0.83788
1098.8,0.83331
1099,0.82884
1099.2,0.82649
1099.4,0.82472
1099.6,0.82239
1099.8,0.81762
1100,0.81554
1100.2,0.81673
1100.4,0.81159
1100.6,0.81167
1100.8,0.8102
1101,0.80731
1101.2,0.80511
1101.4,0.80269
1101.6,0.80225
1101.8,0.80209
1102,0.80017
1102.2,0.79905
1102.4,0.79819
1102.6,0.79704
1102.8,0.79496
1103,0.79262
1103.2,0.79342
1103.4,0.79271
1103.6,0.79351
1103.8,0.79136
1104,0.78933
1104.2,0.78961
1104.4,0.78729
1104.6,0.78791
1104.8,0.78613
1105,0.78648
1105.2,0.78222
1105.4,0.7823
1105.6,0.77991
1105.8,0.781
1106,0.77646
1106.2,0.77671
1106.4,0.77597
1106.6,0.77248
1106.8,0.77193
1107,0.76948
1107.2,0.76744
1107.4,0.76514
1107.6,0.76358
1107.8,0.76042
1108,0.75691
1108.2,0.75636
1108.4,0.75111
1108.6,0.74504
1108.8,0.74601
1109,0.74165
1109.2,0.73831
1109.4,0.7332
1109.6,0.73033
1109.8,0.72628
1110,0.72174
1110.2,0.71685
1110.4,0.71299
1110.6,0.70945
1110.8,0.70583
1111,0.70083
1111.2,0.69696
1111.4,0.69194
1111.6,0.68803
1111.8,0.6824
1112,0.67753
1112.2,0.67284
1112.4,0.66675
1112.6,0.6644
1112.8,0.65944
1113,0.65346
1113.2,0.65281
1113.4,0.64402
1113.6,0.6417
1113.8,0.63497
1114,0.63371
1114.2,0.62456
1114.4,0.62287
1114.6,0.61757
1114.8,0.61381
1115,0.6066
1115.2,0.6053
1115.4,0.59993
1115.6,0.59801
1115.8,0.59147
1116,0.58918
1116.2,0.58674
1116.4,0.58443
1116.6,0.57519
1116.8,0.57047
1117,0.57033
1117.2,0.5673
1117.4,0.56314
1117.6,0.56092
1117.8,0.559
1118,0.55877
1118.2,0.5544
1118.4,0.55222
1118.6,0.55067
1118.8,0.54695
1119,0.54785
1119.2,0.54428
1119.4,0.54157
1119.6,0.54208
1119.8,0.54337
1120,0.53997
1120.2,0.54063
1120.4,0.53537
1120.6,0.53506
1120.8,0.53639
1121,0.53535
1121.2,0.53534
1121.4,0.53532
1121.6,0.53531
1121.8,0.5353
1122,0.5353
1122.2,0.5363
1122.4,0.53731
1122.6,0.53831
1122.8,0.53932
1123,0.54033
1123.2,0.54176
1123.4,0.54319
1123.6,0.54463
1123.8,0.54607
1124,0.54753
1124.2,0.5506
1124.4,0.55369
1124.6,0.5568
1124.8,0.55992
1125,0.56306
1125.2,0.56646
1125.4,0.56987
1125.6,0.57331
1125.8,0.57677
1126,0.58027
1126.2,0.58417
1126.4,0.58809
1126.6,0.59204
1126.8,0.59602
1127,0.60008
1127.2,0.60546
1127.4,0.61088
1127.6,0.61636
1127.8,0.62189
1128,0.62744
1128.2,0.63257
1128.4,0.63774
1128.6,0.64295
1128.8,0.6482
1129,0.65351
1129.2,0.65904
1129.4,0.66463
1129.6,0.67026
1129.8,0.67594
1130,0.68165
1130.2,0.68694
1130.4,0.69228
1130.6,0.69765
1130.8,0.70307
1131,0.70852
1131.2,0.714
1131.4,0.71953
1131.6,0.7251
1131.8,0.7307
1132,0.73633
1132.2,0.74135
1132.4,0.7464
1132.6,0.75148
1132.8,0.7566
1133,0.76169
1133.2,0.76535
1133.4,0.76903
1133.6,0.77273
1133.8,0.77644
1134,0.78011
1134.2,0.78225
1134.4,0.7844
1134.6,0.78655
1134.8,0.78871
1135,0.79084
1135.2,0.792
1135.4,0.79317
1135.6,0.79433
1135.8,0.7955
1136,0.79656
1136.2,0.79526
1136.4,0.79397
1136.6,0.79268
1136.8,0.79139
1137,0.79004
1137.2,0.78758
1137.4,0.78513
1137.6,0.78268
1137.8,0.78024
1138,0.77779
1138.2,0.77399
1138.4,0.77021
1138.6,0.76644
1138.8,0.7627
1139,0.75897
1139.2,0.75538
1139.4,0.7518
1139.6,0.74823
1139.8,0.74469
1140,0.74115
1140.2,0.73688
1140.4,0.73264
1140.6,0.72842
1140.8,0.72423
1141,0.72003
1141.2,0.71466
1141.4,0.70932
1141.6,0.70403
1141.8,0.69877
1142,0.69361
1142.2,0.68977
1142.4,0.68596
1142.6,0.68217
1142.8,0.6784
1143,0.67466
1143.2,0.6709
1143.4,0.66717
1143.6,0.66347
1143.8,0.65978
1144,0.65612
1144.2,0.65323
1144.4,0.65036
1144.6,0.6475
1144.8,0.64465
1145,0.64183
1145.2,0.63954
1145.4,0.63726
1145.6,0.63498
1145.8,0.63272
1146,0.63049
1146.2,0.62948
1146.4,0.62846
1146.6,0.62745
1146.8,0.62643
1147,0.62542
1147.2,0.62439
1147.4,0.62336
1147.6,0.62233
1147.8,0.6213
1148,0.62032
1148.2,0.62023
1148.4,0.62015
1148.6,0.62007
1148.8,0.61998
1149,0.61991
1149.2,0.62099
1149.4,0.62206
1149.6,0.62314
1149.8,0.62422
1150,0.62531
1150.2,0.62659
1150.4,0.62788
1150.6,0.62917
1150.8,0.63046
1151,0.63178
1151.2,0.63369
1151.4,0.63561
1151.6,0.63754
1151.8,0.63947
1152,0.64143
1152.2,0.64454
1152.4,0.64765
1152.6,0.65079
1152.8,0.65394
1153,0.6571
1153.2,0.66021
1153.4,0.66333
1153.6,0.66647
1153.8,0.66962
1154,0.67282
1154.2,0.67651
1154.4,0.68023
1154.6,0.68397
1154.8,0.68773
1155,0.69151
1155.2,0.69572
1155.4,0.69994
1155.6,0.7042
1155.8,0.70848
1156,0.71274
1156.2,0.71616
1156.4,0.71959
1156.6,0.72304
1156.8,0.72651
1157,0.73
1157.2,0.73404
1157.4,0.7381
1157.6,0.74218
1157.8,0.74629
1158,0.75039
1158.2,0.7535
1158.4,0.75662
1158.6,0.75975
1158.8,0.7629
1159,0.76603
1159.2,0.76852
1159.4,0.77103
1159.6,0.77354
1159.8,0.77606
1160,0.77858
1160.2,0.78093
1160.4,0.78329
1160.6,0.78565
1160.8,0.78802
1161,0.79033
1161.2,0.79048
1161.4,0.79063
1161.6,0.79078
1161.8,0.79093
1162,0.79108
1162.2,0.79164
1162.4,0.79219
1162.6,0.79275
1162.8,0.79331
1163,0.79382
1163.2,0.79281
1163.4,0.79181
1163.6,0.7908
1163.8,0.7898
1164,0.78879
1164.2,0.78736
1164.4,0.78593
1164.6,0.7845
1164.8,0.78307
1165,0.78164
1165.2,0.77992
1165.4,0.77819
1165.6,0.77647
1165.8,0.77475
1166,0.77303
1166.2,0.77046
1166.4,0.7679
1166.6,0.76535
1166.8,0.7628
1167,0.7603
1167.2,0.7589
1167.4,0.75751
1167.6,0.75611
1167.8,0.75473
1168,0.75333
1168.2,0.75063
1168.4,0.74795
1168.6,0.74527
1168.8,0.7426
1169,0.73999
1169.2,0.73928
1169.4,0.73858
1169.6,0.73788
1169.8,0.73717
1170,0.73642
1170.2,0.73464
1170.4,0.73287
1170.6,0.73111
1170.8,0.72935
1171,0.72765
1171.2,0.72844
1171.4,0.72922
1171.6,0.73
1171.8,0.73079
1172,0.73157
1172.2,0.7313
1172.4,0.73104
1172.6,0.73078
1172.8,0.73052
1173,0.73035
1173.2,0.7327
1173.4,0.73505
1173.6,0.73741
1173.8,0.73978
1174,0.74215
1174.2,0.74397
1174.4,0.7458
1174.6,0.74763
1174.8,0.74946
1175,0.75137
1175.2,0.75478
1175.4,0.75819
1175.6,0.76162
1175.8,0.76507
1176,0.76855
1176.2,0.77274
1176.4,0.77694
1176.6,0.78118
1176.8,0.78543
1177,0.78971
1177.2,0.79416
1177.4,0.79863
1177.6,0.80313
1177.8,0.80765
1178,0.81224
1178.2,0.81834
1178.4,0.82449
1178.6,0.83068
1178.8,0.83692
1179,0.84319
1179.2,0.84856
1179.4,0.85396
1179.6,0.85939
1179.8,0.86486
1180,0.87039
1180.2,0.87646
1180.4,0.88258
1180.6,0.88873
1180.8,0.89493
1181,0.90116
1181.2,0.90661
1181.4,0.9121
1181.6,0.91762
1181.8,0.92317
1182,0.92869
1182.2,0.93301
1182.4,0.93735
1182.6,0.9417
1182.8,0.94608
1183,0.95043
1183.2,0.95339
1183.4,0.95636
1183.6,0.95935
1183.8,0.96234
1184,0.96531
1184.2,0.9659
1184.4,0.96649
1184.6,0.96709
1184.8,0.96768
1185,0.96817
1185.2,0.96647
1185.4,0.96477
1185.6,0.96308
1185.8,0.96138
1186,0.95963
1186.2,0.9553
1186.4,0.951
1186.6,0.94671
1186.8,0.94244
1187,0.93815
1187.2,0.93157
1187.4,0.92503
1187.6,0.91854
1187.8,0.91209
1188,0.90561
1188.2,0.89719
1188.4,0.88885
1188.6,0.88058
1188.8,0.8724
1189,0.86423
1189.2,0.85393
1189.4,0.84376
1189.6,0.8337
1189.8,0.82377
1190,0.81395
1190.2,0.80384
1190.4,0.79387
1190.6,0.78401
1190.8,0.77428
1191,0.76465
1191.2,0.7546
1191.4,0.74468
1191.6,0.7349
1191.8,0.72524
1192,0.71568
1192.2,0.70503
1192.4,0.69454
1192.6,0.68421
1192.8,0.67403
1193,0.664
1193.2,0.65519
1193.4,0.64649
1193.6,0.6379
1193.8,0.62943
1194,0.6211
1194.2,0.61339
1194.4,0.60578
1194.6,0.59826
1194.8,0.59084
1195,0.5835
1195.2,0.57601
1195.4,0.56862
1195.6,0.56133
1195.8,0.55413
1196,0.54702
1196.2,0.54005
1196.4,0.53317
1196.6,0.52638
1196.8,0.51967
1197,0.51313
1197.2,0.50857
1197.4,0.50405
1197.6,0.49957
1197.8,0.49513
1198,0.49073
1198.2,0.48657
1198.4,0.48245
1198.6,0.47836
1198.8,0.47431
1199,0.47029
1199.2,0.46609
1199.4,0.46192
1199.6,0.4578
1199.8,0.45371
1200,0.44965